user_id,account_created_at,follower_count,device_id,cluster_label,account_age_days,role
3993d595-afc1-479a-aae8-ca4b3698b7e5,2025-12-13 05:12:55,117,fc686f9c-2d65-4369-8207-c8a9a8db02a0,0,,
99484118-5649-453d-81ac-ba4da2c6674c,2025-11-12 16:00:07,93,103621d8-50ab-4de7-8c4e-ea2ceaa066a5,0,,
35fab357-c44f-4725-99e9-2455bcdbf1e6,2024-10-15 22:00:34,91,a0543f22-722e-406b-abef-2cbfd848e6aa,0,,
28b97b84-34f6-4de1-a3fe-2396ff960c1b,2025-01-15 22:47:41,218,82d61595-33c5-40a7-b658-e14de24ba0a7,0,,
80951d7a-e3fc-4788-8948-fcbf3a830c24,2025-02-28 21:47:25,87,a9d991dc-e89b-4c0c-bff0-9dc271a30524,0,,
3fdfd665-6792-48ed-a6c9-73869670546d,2026-02-07 17:35:17,67,4c1c11b9-bfae-489e-976c-4755ca09751c,0,,
536b5efc-98fb-4988-beb0-f643d884eac8,2025-01-31 15:30:15,81,4e9d9038-db96-4f29-a324-9c2470f7865a,0,,
bc3dba6a-1d4b-441b-ab8d-852558a65b80,2025-05-17 03:49:24,79,16783e83-7389-4bbb-a620-50cfa278d4e1,0,,
65ef1a40-4c0f-4998-bb29-d8e2df511863,2025-02-10 12:03:54,94,b91fadcc-e429-4483-b0a5-e951a64fecb9,0,,
f722a30e-3f80-41b6-b78d-f77a399ca827,2024-11-22 13:04:32,54,7dceb589-4789-4316-b497-b903e8e9c149,0,,
1ed50fab-151d-4ec7-a5a3-4cd35da31ebb,2024-12-31 22:57:17,73,ffb92fc8-cc72-4b41-bfc7-9d21fca2ae86,0,,
7634d126-659a-4c14-835d-65503461d3fd,2026-01-18 16:00:47,171,78653af0-e5f9-4a5c-bf04-e571a2e64bfe,0,,
9bd9186f-5627-4081-9afa-87f77f85c760,2024-10-25 19:19:17,229,abc3b192-a55c-49b7-b1fc-f636a4813364,0,,
a2586084-ccac-449a-9c23-b46401807007,2025-05-09 00:30:49,53,0b5afa64-d7e8-4a8f-a3e8-69e702829fa9,0,,
25a3a186-e471-4d64-8468-406d79f6f179,2024-07-25 16:48:35,105,b36272bd-9a4a-43fc-b4db-11c8790e26f2,0,,
cab46202-fa6d-490a-8b58-f2376b49b847,2024-03-16 18:59:26,104,cc0643e7-dedd-4534-862f-fc72d996739e,0,,
35da742b-757b-4650-9cab-b7a5c03e9ef4,2025-01-04 10:11:05,97,94fb7f2e-7962-4188-b2ef-5c76390e088c,0,,
5bb5914b-1083-4006-a4d5-0c3bb08201ab,2025-10-03 18:57:15,56,4fee6832-a196-4c4e-80c4-6967930d0540,0,,
4e7e3794-9089-408b-ba69-ca8687392f03,2025-08-24 07:06:22,51,842b4db4-9cdc-4575-ab28-fe50862e768c,0,,
8dacb711-2bc7-469a-a511-4452a3c36468,2025-02-04 15:22:35,193,bac9de15-f5d6-4cda-b0d1-72b065048f05,0,,
f02a60b2-1007-48b7-ad28-d7d60bb80f92,2024-05-19 14:05:29,150,529d1c54-2305-489c-a528-b027d4738015,0,,
f7ab5889-4cc3-4d8a-9cfa-be927dfb0076,2024-11-22 00:05:35,53,e1b1a2d8-d391-4447-8317-d4385f2340ab,0,,
ed939e01-1a5b-43fa-b401-3a72cade68db,2025-08-27 19:05:57,81,ee8c6be1-81a8-49e7-8da3-10fc100ee94c,0,,
7d86e3c8-7f2c-406b-9fcb-3a31edcdbb7b,2026-01-28 00:23:25,89,30fd24c9-b12e-4385-9ecf-de855d2723ef,0,,
f8f1b104-b22e-4cc5-99e5-caa2ba6d77de,2024-09-14 20:11:18,164,180b70c4-df9b-4be0-a6cc-ed8742cd4eb2,0,,
92af7d8a-853a-4bcb-a9f5-35c9c1a6e54e,2025-03-18 17:32:42,277,9ec8c575-03b4-44b6-a427-3d8a82ae160e,0,,
4ee8914a-06b5-49fc-8b26-05ff647c22de,2026-02-07 07:07:54,51,f51194f9-9c9b-4f17-907a-b57ba2e49d60,0,,
86b2898e-d9f5-4084-8591-4affa5c01f9a,2024-02-25 12:38:03,74,f59fa870-d079-4bef-a0ea-dd77e802c3f6,0,,
05f11be2-8dec-4c95-bd5e-73657f619c4e,2025-05-01 12:18:08,71,0be7880d-e5f2-42cb-a44c-2116b9591398,0,,
c15b3eab-5ece-4883-be89-5cf1f47ed11e,2025-03-25 02:12:55,108,c332a453-78e5-44a4-a392-271cdb6ddeb1,0,,
fb1ddfd1-d83d-409e-a61b-15f944e58f7c,2024-04-07 04:47:06,115,b509da95-b82d-44bc-b922-35524bb00e3a,0,,
7dac9331-43a3-4dcd-9fc7-8970571de58c,2026-01-07 12:57:41,98,626ae641-5b65-42ae-8a87-5cd5a5f67630,0,,
63df6a64-8ba4-45e6-bb83-0506dd092fe4,2025-01-17 16:03:44,270,e628ec3e-513a-4102-852e-793726bf547b,0,,
f904535a-49d2-4921-8206-4b7857c240fa,2024-11-26 09:02:48,73,30434045-0c86-4def-9b9d-239cd90788be,0,,
9d8ca7b3-c5ab-4ec5-9059-d90b18fee8b2,2025-01-07 12:40:28,66,80375a18-de7c-4303-843f-17c9e2c6531f,0,,
83ac2756-7134-49a5-bc23-93b1ae41d70d,2025-08-06 03:28:17,61,56d74735-8021-4f1b-9216-10d3ab124571,0,,
ffb85fcd-623e-44dc-ae96-4c3a5be17ec8,2026-02-09 10:07:14,66,8a775de8-cae4-42b6-ada0-4b34ef536e7e,0,,
e56392a8-74c6-49ed-811f-22b82d45baca,2025-08-03 02:00:40,78,8dc3d120-d6c9-468a-9428-24a70579d485,0,,
c20d030b-232f-47c8-8541-c0b7addf87f9,2024-07-24 02:56:24,164,ee4af195-2fb8-4e1b-b188-423ad8411695,0,,
d6d9d7d6-50f3-4e0b-a418-438b9a81b9bf,2025-09-06 21:20:44,120,8d8ef77e-6f5a-408e-8a87-4790583360d3,0,,
4528aa5d-350e-47bb-bf7c-82d2380f69cd,2024-05-20 13:54:19,224,32fad86d-61c5-4b15-99f6-88360d46ebf2,0,,
c3589d28-7e67-461b-9a76-29b7a521a9a2,2026-01-17 15:13:37,51,fa273dd1-cf7a-4930-a1df-e1246b70499b,0,,
db804013-b5eb-4e53-b111-87c807e2c4f0,2024-04-29 23:02:32,90,c03190f4-de89-4825-ab0d-4b825951cd66,0,,
013180f1-ef6a-40a8-b278-164e243b7d9e,2025-09-16 00:08:22,71,49d12246-43ac-4c98-8071-725877bc93f0,0,,
f29e6c0e-246d-4f33-95ba-5a5662bfbdff,2024-07-09 08:59:11,75,91ee56ef-aa4e-4eec-b10d-35701d24a3c5,0,,
c95d73c4-4272-4cc9-84a0-23ab553c9f06,2024-07-23 05:02:52,73,e01a6765-123e-4404-ae23-a66c56c57e3f,0,,
ad9e98cf-6b5a-40e2-ae29-b927c99328e5,2024-12-02 06:44:40,55,70fe22bd-043e-40f4-bb0f-c59157ad588b,0,,
f8b5068d-e8c1-4dd0-b580-9dd235147059,2025-07-01 23:18:35,50,10f7b2b9-2aac-4293-8df3-e86bd75e2d87,0,,
8085004a-bf1c-4c0d-8e88-ed3870618e2a,2025-09-24 23:04:06,81,a19f3c31-7090-4ab6-82cb-9817c885d4d5,0,,
ce4e9e80-d276-4b7e-a4a0-1c4d54fa1233,2026-01-04 12:13:56,80,a4f96ded-bb2d-497b-8ce0-9be791c62de2,0,,
7af27f10-aac0-48d7-92c8-e7826d016312,2025-03-04 04:28:31,112,ad158377-7903-4c89-a7d3-93af213d2f0f,0,,
95fbfa51-32e9-4bc4-aeaa-4b1e508727dc,2025-09-08 16:32:54,52,7f6420a9-e664-443b-9e7c-b484a1189c26,0,,
522e1ca4-9d0d-4ca7-b521-c0b4ddd73e67,2024-04-28 04:46:19,86,e89be7a6-efc6-44bf-9d7a-3128195f0338,0,,
aaaafd34-7bfc-4c18-abf2-2754d21eda11,2024-03-19 16:01:51,60,6a56e138-8cef-4c2e-a92a-9e65df0670c4,0,,
339dd34d-d893-4f78-8b92-db44a92d1684,2024-07-20 15:26:42,161,a752ddf7-2c84-4671-a63b-83654160c914,0,,
73b2f1b4-0402-48a4-993d-9c9e5cf4781f,2025-11-09 21:50:59,76,c21d5d1a-c2f1-4a61-97b8-de5193355428,0,,
9deb2157-4740-46e6-a4b2-4f680704eee3,2024-07-05 05:03:09,83,292ad2d5-c867-452a-ab8a-06a42b9ae2e5,0,,
4eb415da-073c-492b-b07b-cdff065b1ef2,2025-08-13 21:07:59,95,2741e9b1-dd88-426b-b873-57546d500589,0,,
8d252010-2588-4e21-9078-7655694d09aa,2024-05-13 00:52:54,62,58e25e3e-943d-41ec-8eb2-0b7b0bcf6d0d,0,,
b7f96fe8-b5a6-422d-b47b-46133c3c816f,2025-09-06 23:01:07,326,898aa5a3-c579-4d4b-8cd6-89f59ff03342,0,,
93840919-8b34-4357-a32b-754d4c102a1c,2025-10-11 19:41:50,55,7f7fb0fe-1734-4b36-89b6-f80e61376ccf,0,,
9b6f669d-4679-46f0-ab49-91351eb86e9c,2024-12-06 16:51:34,96,3605214a-81e6-47ae-8afb-e023c9575d62,0,,
df8af9c8-e085-4f3b-acff-309ffcaa00c9,2024-10-22 08:03:10,92,193911b0-07bc-49a0-9118-bc273b6107af,0,,
5384d3f1-0771-49d0-ace3-ae9e0235e1a6,2025-06-11 06:41:54,162,03d9ab47-4157-4079-8d63-05bb686cb81b,0,,
7cea4dfa-fb52-4ecb-8c94-61fe86833b31,2025-02-14 01:02:58,50,b0e3f1df-ae83-45e4-97b1-2e695566a2af,0,,
c76d5f33-5884-4de0-802a-e2c13b44b48f,2024-08-29 01:15:52,735,27f6e0ed-277d-42c0-bee8-52f8554a1998,0,,
07f3428d-f1ce-43a4-9ac7-f8793d4e7790,2024-08-29 18:53:56,69,372b16b4-9676-4960-8ae3-557b52be71f2,0,,
51e1de40-8b5c-4718-9917-4d169b2b0762,2024-03-14 05:03:54,81,eb93a94b-4c98-4854-b7ac-28e846aaebc0,0,,
02a4399c-14e4-4451-90b5-717f80c86e96,2024-07-15 17:17:22,129,8bbb1e69-d809-4855-bfee-4dec235c0f8e,0,,
40315b73-afdc-424e-80ee-f037bbd1acc6,2025-10-11 21:22:05,52,0f58da65-b8c2-41e3-9565-2613c8eec18b,0,,
66e4a699-3e6c-44d9-b932-d826560fb243,2024-10-25 02:26:27,101,dea6bcd0-c388-4c66-9d86-27acc80468d7,0,,
694eee68-044b-4cce-ba28-5f0e4748a8e7,2024-03-10 20:48:50,162,15a11ea3-9a2a-4429-ae77-837c854eb35b,0,,
a855678b-2104-4171-bd4e-63b9af758fa9,2024-08-21 13:10:15,110,370ec0f4-9d51-4298-902d-1b73d5a3d66a,0,,
b84b25a9-2253-4c45-8b9b-7f13a96b23a0,2025-01-27 22:19:00,83,fb707fd0-1ff4-47e0-907b-8623bcc89d11,0,,
65630658-bada-4966-a462-86710165f5d4,2025-05-27 01:38:35,270,6bfba854-efaa-4b88-98e5-aff98b434880,0,,
f962557c-1743-4040-9926-7a64626d8c83,2025-12-21 14:58:20,93,11ae36e8-3218-4124-95de-28db49c3aeab,0,,
9beb2b4f-bf8b-473b-81f8-56700c8db5b4,2026-01-23 06:15:02,249,8960edc3-2224-4914-84a6-45d8594c396b,0,,
f6102cf8-b37f-476c-b0a5-73bb15e515c9,2025-08-22 11:05:05,67,7147c55b-b3e3-4451-b034-2a4e4d57e6cb,0,,
7fe692e2-88b9-4792-82a1-6b6e82f882b0,2025-07-23 22:12:51,71,0adb286e-28f9-43b6-a834-842a1bc41513,0,,
c955db27-a226-42ee-9c8a-885887a7ac99,2025-07-03 05:12:28,94,543877c1-f493-40fe-936f-ac87635f0384,0,,
cec63f5f-f22b-4ccb-8cd2-b07bba86aa6e,2025-08-15 05:22:38,100,a4b570b5-8ac9-4a51-ad86-3691593554b9,0,,
6601a419-d810-4d7c-b958-4d3c7f764e96,2025-04-28 13:43:14,103,3d0ca7f8-d514-42f5-9488-fcf03f36453a,0,,
415e2c35-a442-4f1d-8cf6-1a39b8fa3f80,2025-01-14 17:39:43,58,9206f2ff-884d-4cee-9c93-fd08ab246d1b,0,,
950f2f8f-1bda-4899-b182-d17a2530e3b5,2024-11-28 06:57:45,90,1a3d16a9-3bd0-4e60-9b0a-d670d0c702a9,0,,
3cd14ac8-b997-40a3-8e37-be28e0105ffe,2026-02-03 14:56:42,56,325ec1ae-38de-45e0-9e25-605e394397fb,0,,
10dbf7d1-3089-4962-84ac-7f6a0a3c1d82,2024-03-27 20:53:49,66,ba494407-2397-4065-b0ca-81812d8388b3,0,,
382fe909-980f-4c7f-bb5f-3707b60a5e4c,2025-01-13 18:05:49,52,87ef7793-7a22-4201-af9b-5fd6b25552ce,0,,
e157063b-b95b-43f7-af6c-0ea753586f1c,2024-08-23 07:18:59,51,09391ba0-9cc6-4ced-b033-07bcbffdc857,0,,
3203bb63-c5f6-4dff-aed7-531581e8d22d,2024-04-10 16:20:50,106,8fb303cc-e9aa-44c9-9c71-ad1346b71a16,0,,
907b0482-03fd-450f-8f08-66418e631991,2025-03-26 09:57:37,53,b6d82183-afad-4be0-98f3-cee4d5c1ee8f,0,,
60150bd1-99d2-4b68-b060-cec5b581ceaf,2025-05-29 18:10:57,107,22196425-a83c-4b27-b6b1-29547023be69,0,,
3c5c5faf-4cc1-44d8-9f51-557155d3ac79,2024-09-06 10:57:33,99,d5398388-9cf9-4c87-91e6-7e0dce982591,0,,
d3b70bd5-23ae-4988-a61c-66cbd0e0ab3a,2025-03-18 20:16:52,531,f5520dbe-5a9f-4514-9e37-dad42677c30a,0,,
9f7ce561-76aa-4e1e-a5a5-19e9f649b79a,2026-01-12 19:44:25,69,0d972122-731a-430d-b168-27054e989beb,0,,
ab69f9d3-03f0-4b71-a772-88a5c4d21297,2024-05-02 03:52:29,65,08c12ed7-e82b-4ff8-a1a3-f1127a26b157,0,,
d9112d70-72af-47f0-b237-5d1e05c25100,2025-05-29 09:17:04,72,e65c3784-b662-4020-ac75-1ec70e905b7c,0,,
ba1687d7-2ae4-46cb-bba2-255e918bbda2,2025-12-24 21:38:30,51,ce11bdf0-1574-4da9-aa63-27e0e3bc7d29,0,,
9c3811c0-7e76-46b0-8f9b-8c97afbd48cc,2026-02-13 21:08:48,91,da28dec0-fc45-4a89-a360-3956b86bb8b9,0,,
43aecae5-be95-4192-8eed-55959134957c,2026-01-02 07:41:50,81,26989155-5003-4898-9c1a-7984a9deb912,0,,
910386ef-79ca-4177-9690-b6a70eca7a09,2025-06-02 09:13:54,124,23c17b50-ad7d-433a-9abf-67c8e1834a13,0,,
6abb1ffe-1011-4075-8fae-24d7456d686a,2025-07-27 02:16:18,88,8b493f25-7a69-4789-a528-1d9b01a71fae,0,,
fd8161b3-cd37-440a-bed6-14af14cf974e,2026-02-09 01:37:32,57,d7b77a96-c680-4bc5-8ed5-dac8cedd1e97,0,,
77622e38-5eb4-437a-a2ad-493efdfc89eb,2024-10-01 02:13:58,150,41aa1c04-e5af-4eeb-9449-c64b373e9457,0,,
9bff7469-6a20-4db8-8f48-539f7b5f8c73,2024-11-08 01:51:41,60,a2d16000-e07b-42c6-84ab-f20d23e80bad,0,,
c12530d3-15a2-44b2-bdec-6a6abc673fd9,2024-06-12 03:32:20,61,c5541a86-ceb7-4f28-9a42-47fd3d8e9546,0,,
3b8413e8-dcf4-4dd8-989c-d294eff84358,2025-07-19 12:23:37,87,313ea057-c2a8-43cd-bfc8-e3c65522c78a,0,,
480534c0-5210-4727-afe8-55839aed2ecb,2025-05-13 02:32:36,84,d7c23a88-e4c0-43b0-9fea-1702cc85fef9,0,,
5aee28b5-f2d9-4658-9f36-413fe834c7b4,2025-03-26 19:12:48,122,286ca85f-584a-45fe-9c29-0a5e244a1eb1,0,,
e1b6ee92-e3f1-40fa-956e-b4790dc3fc25,2024-12-24 01:39:51,61,46eade29-0c13-4514-b403-7b9cae408cda,0,,
a18182ca-e361-4bc5-9380-f887fcc1a631,2025-09-08 12:27:50,62,575a22b8-93fa-4458-b2d9-b77c1b33ec65,0,,
5e079b67-edf0-4a6e-961f-d5045bf0c419,2024-07-12 08:41:01,84,f450160b-adfb-41dc-8205-dc9f52e57770,0,,
cb6d6438-cf33-4593-9e37-a56ef48747e4,2025-03-01 00:59:47,83,df30bee7-efe9-4d43-ab44-9e5572c1adad,0,,
0d0a7998-6985-4caf-9440-177a4dbf345e,2025-03-15 21:28:19,61,7ee17cc9-50bd-407b-bda4-19f1aacc743d,0,,
5191434f-070e-4906-9829-dd532cafdf9a,2024-11-07 08:00:06,137,ff6a593c-bb39-402f-8950-896dacf381a0,0,,
8871b5ec-b00a-4421-a8f1-267734dc3c71,2024-08-01 05:03:54,129,6233aede-9150-4165-8dbf-503e613baeb0,0,,
03dbcb8e-098a-4ca1-8dde-22ab78f9aa03,2025-04-28 02:14:32,51,9bc25cbc-b8cd-4fa1-81e0-ccc22cf41e27,0,,
1735e368-9064-4d47-810c-b38b0562999b,2024-04-06 06:40:36,65,95543ec8-3a2b-408c-8a29-c115bf06d5bd,0,,
a23dfd0d-7b58-4c3e-b1e3-415bff5973e9,2024-10-29 02:13:57,73,0d2b7e8a-a5af-4ca2-8ac7-52b9b9008a74,0,,
8f8eb88b-ba7a-4857-8356-f32c18bcf23e,2024-09-20 20:59:53,84,ef8a20f3-89dd-4b5a-bea5-c34eb871fef9,0,,
bf63e5bb-1118-4475-96e4-362b7998b658,2024-12-16 11:53:51,118,ca995b3a-6d67-414e-b3e7-6f1eb126ac11,0,,
99690314-3a34-48f6-b0d0-bb9397498afd,2024-12-16 09:00:36,98,31488a0b-b42a-4932-ab7c-efe2f069c3e4,0,,
1408a527-8ebf-43e8-8129-f423da0a7ba4,2026-02-11 15:18:31,83,c536759d-2669-4415-841f-b9fd009fdb5d,0,,
b3b68b83-80f0-4791-bae1-b6f611e8f1a1,2025-02-22 08:02:50,149,3aa88b97-2b30-44e8-8a6f-2254238e0bca,0,,
6f143a81-b5fc-4359-a8f7-10506a79e788,2025-03-02 02:37:05,354,164645db-9bb7-4043-9e3a-61d563cfab8b,0,,
b23eafe2-7490-4b99-a840-804d0a6c75ce,2025-03-04 16:32:58,126,28e5b542-90d1-45d9-90af-b210f27918b2,0,,
f95627bf-a0df-43f2-9cba-c78bc496b61a,2024-05-08 05:08:00,172,e8689a9e-0a43-4a6e-8b67-64bf827969c0,0,,
237cf97e-2dac-4241-82e7-df949a3a390d,2024-09-25 05:06:53,150,aa39455f-4f79-4842-b8dd-49c6873222eb,0,,
d0020fcf-6689-48ad-8f62-ee437040c26a,2025-11-10 23:08:33,232,382c61f8-9f5f-4dc4-890a-b264039a1519,0,,
02afa5f1-7be2-4942-acc9-7aec26bd7836,2024-04-09 15:00:47,97,12901b8b-8668-4041-82bb-26b3d8c9e73f,0,,
ccfa54d7-436b-4066-bdc6-0687bc8f7fd8,2024-10-12 11:41:47,127,3db3c1ab-8045-47ea-aa19-0e67480f0201,0,,
eededd5c-102f-4a9d-b529-d37dc0acb0d6,2024-10-08 08:24:18,113,96e561cc-8d71-4741-8d63-71a95fd823ed,0,,
e6d684a0-06f0-4c80-88f2-40755b7a694d,2025-10-29 10:37:18,106,cba5224a-c056-46d0-bf60-5a92f68ea7d9,0,,
caeadcd7-dd8e-4b12-993d-318cc39f730d,2025-02-07 07:10:46,100,b364a0ca-967f-4137-a1ac-79c8ad4a5836,0,,
94602a13-ff9c-49df-898c-ea2048624405,2025-06-12 14:52:20,56,ce15787c-5a03-4642-bd42-c0bf775c0f97,0,,
05bc2b6c-885a-4cbc-997d-4501ae274202,2024-04-16 04:43:20,50,5729abfc-1d48-49fe-9422-600a155d75f6,0,,
767fd49a-f5f2-4e7b-8d2a-c50c0ffd1cf2,2024-12-15 13:45:12,149,fc8a702f-06e6-4f0d-a96d-620511047c09,0,,
57df2413-bd93-4dc1-ab35-bebbcbdc36c6,2025-04-30 06:05:10,66,5ea56761-6222-4d17-8905-113a6c53dd0b,0,,
b7728602-ac41-46b1-9d4d-a7c505979117,2025-07-02 00:07:25,54,f550ed18-01cc-4dcd-b4c9-09f019692128,0,,
c93a6f26-0d79-4805-93e5-6d346271062a,2025-06-19 12:38:56,73,d6b8508d-29e6-4d40-8125-44f6ff6d96d2,0,,
07755c72-f87c-4886-983c-e7a228a14413,2024-08-19 18:08:40,153,3e5c949f-5900-4701-96a0-0e94e4cc2f2e,0,,
602b2098-02a1-4fd8-a478-5a49e0314409,2024-06-11 23:00:20,60,3e281c08-046b-4c78-9d6a-95d7cf1fbb09,0,,
91d38578-46fa-4776-9ad7-6ea2c3d1c75f,2025-10-12 09:08:08,71,804d0494-d915-4bbd-8cee-5ef44f8d2fef,0,,
a1c10e8b-872c-4318-b116-21f0a1180149,2026-01-17 16:56:53,68,f9701dab-50bf-45f2-b465-535e03b28e6d,0,,
2b930cc3-bb1f-424d-b918-9246a77ec081,2025-01-17 00:44:41,71,9a3aecf3-9ef7-4076-a077-99315af7724a,0,,
c837bbb5-ccae-4ebb-b3eb-ba663e80d29f,2026-02-15 19:15:47,63,268f3eb2-1dbc-48f4-aea2-cf9ab6106c91,0,,
1a63aab2-a170-4099-a136-b097c4b19a11,2025-05-16 13:34:48,54,5cc7604d-16a7-4fde-8cec-577b9e321c4a,0,,
aa74d4ef-8d87-4702-b15a-d455667efe7c,2025-03-31 12:49:11,76,83feaa01-7211-4f92-944b-c0e4c4d25b2e,0,,
dbfae0ac-110b-400b-8784-473d9bc65785,2024-12-16 11:52:48,93,19ff93c3-91b5-439b-85e7-91d0da1f180a,0,,
d26754f7-22fe-41b8-9965-287773cebe35,2026-01-27 16:02:33,114,b5c9b22d-d7e9-4888-8a85-4c36d089a774,0,,
d19b6284-5f7e-46cd-9419-433ea9e21567,2024-02-27 22:39:35,50,a2665f70-e375-43a0-8277-187423c87725,0,,
0faf6f85-8065-437c-b31d-26517887d647,2024-11-22 18:52:35,72,ed371e75-1719-474e-af99-971c1926d2dc,0,,
ebc85302-4508-41e5-852a-3d7de1bd23c7,2025-11-22 11:12:45,73,aa856bf7-581d-4318-aa32-0f516679ef92,0,,
481cfbff-a9e9-4a19-983d-9c7c8ee3326a,2025-05-20 06:48:43,255,7aea9160-c1f4-4fef-8af2-a9a5cb3f7ba1,0,,
762fec35-10d9-40b9-b5a6-a7c55e5c3bd8,2025-02-26 02:58:07,103,7861062d-835b-463d-9e0e-59633e962468,0,,
fccaf5eb-6c5b-472c-bf68-da4693626312,2024-03-16 08:25:40,82,7fd2552c-cdf2-4df4-b4c6-c158f0dfa065,0,,
4baa04b9-c55c-4cf8-b0ad-eb6ac54f785e,2024-06-29 14:40:24,89,57f583ec-6224-4c04-bac4-5177a16953d6,0,,
6b128278-726d-4968-8941-e352f5affe0a,2026-01-10 09:24:15,96,537f907a-a3b0-4992-82c0-53a245c6dc7f,0,,
4486f098-4de9-4c0f-b85c-f8d9b0ea772d,2025-12-14 16:04:09,730,dffaa626-8219-4fd8-a15d-3e09a1c3bfaa,0,,
259cff8b-f4da-481f-9f87-4610526c25f3,2025-02-19 03:34:30,138,449b1e5f-91a6-4600-9cbd-5a7bd489eceb,0,,
26a0bbab-b450-4ac6-87b2-0c8c4a53e16b,2025-12-20 00:43:23,97,0769bc10-f283-4ee1-94f5-315e10f1bac5,0,,
62ce16f3-3654-49a8-b150-0adce6a95f97,2025-10-20 15:15:35,244,432dacf6-18b6-4572-981e-17f2890a7033,0,,
6a5ebd1b-c67a-472f-af8d-d76a0c95cb16,2024-12-21 14:54:44,81,bbcf5fb0-4fe7-41cc-bd11-e519acdefe7c,0,,
2a913aeb-4f9e-4abc-ae46-b4450e7edfd6,2025-05-15 14:40:03,108,2398cbb0-f226-4927-adee-5cf02f298a47,0,,
11dfcd6c-3cfa-419b-9454-2a74a1c95153,2024-03-31 18:27:02,86,09ef8235-6744-4e08-a82b-96e58afecc09,0,,
4d0cda9b-1a80-4b9f-a40a-ede1694acd50,2024-12-06 21:04:03,57,c08f91d2-ad1a-4fd0-8751-dec4f19c0bcb,0,,
e0f004d4-6f21-4666-bb07-9bab37a782ee,2024-05-11 14:49:05,56,376b2092-c7d2-4327-8675-f02ded984edb,0,,
3bf6fa03-4700-4874-b86d-f7348a648c3d,2024-04-19 05:11:57,71,bfd1f0db-ef62-469d-8648-7367b48f8973,0,,
2ca414ba-6d1c-4e4b-bb92-ccac1c40d5a9,2025-04-10 05:50:40,363,a3fa9b3d-0a12-4ab1-b1b7-13278cf7b7da,0,,
92260785-48ac-4c5b-97a4-99e1fd2347bf,2025-08-18 07:39:41,71,0193d105-84ea-4df0-867a-f1213e6b9512,0,,
e9dc4aa5-fb11-4ac7-a9bf-750560045527,2024-06-14 00:16:19,127,e631f08b-c64a-4955-a8f0-b14af1817840,0,,
23d24072-f219-4b45-a086-ac23f974cfdd,2024-07-29 20:31:54,63,2640a4a7-833f-4825-95af-8249d41f0b46,0,,
cfbff31b-168d-4b1d-993c-db7f82ed9311,2025-07-19 09:03:03,58,86d80425-5024-4ccc-851c-6e48f0b2c3a4,0,,
cbf43504-92b8-4c10-978e-acf9fa3dc10d,2024-08-04 10:02:37,110,b60630c2-4296-45d4-8224-c975ce37ba33,0,,
a07e39a4-1998-4b52-b4e1-5db781a44710,2024-04-04 15:55:51,81,7f1de2d6-1b60-4a03-896b-1d46588a7d10,0,,
2b781c79-90a1-40b1-be35-65f11586132a,2025-03-26 07:54:16,62,b06261de-da23-4ca4-851b-11349a2ac1a0,0,,
8c2f79b8-99a7-4379-b402-f2a17209d640,2025-06-02 19:25:33,58,0c04d9d0-4a64-4929-845c-b1d7d00e500d,0,,
6415d283-4e7b-4986-9158-0830450e6044,2025-02-09 03:29:48,54,89a768e3-1f05-4936-9287-99b30a2973bc,0,,
1e350740-ba8c-4ef7-ae3a-32963af8c1ed,2025-07-18 06:13:50,88,5e49fdc9-fdda-4816-b901-9821bcf4ae67,0,,
0ecf6afc-e49b-4d86-9994-60e6da25bef7,2024-02-28 05:32:33,66,ae0fab70-7c10-42d4-a06d-38ca68f5295e,0,,
744bd8b3-8d19-41eb-be19-36841879e2a3,2024-07-18 20:53:36,71,14bba84b-22c2-472c-81be-607eeae9061d,0,,
df45d040-28e3-4108-81d8-5381e203e3c6,2024-08-01 07:05:45,56,420d5a16-1db5-4729-bc68-b7983118295c,0,,
35e05058-f3fa-40e8-b82c-c67a499d7c4a,2025-10-24 05:21:03,52,39db2f62-a1d0-4f5f-b0a8-f0e0125fb002,0,,
9724518a-a65c-4538-9741-7eb767933d6e,2024-05-09 03:20:41,476,896e031e-12cb-41f4-8b4b-cf1e298cc19f,0,,
87091d53-b022-4743-b22d-dbbed60ea0c8,2025-04-05 14:47:41,68,6b54f8b1-4693-4a1b-bf12-911eec118af6,0,,
78d0fd94-84ce-48e6-804e-cb8b0e5bce08,2024-06-01 00:29:40,69,c53e5297-0922-4f08-81e4-4991bc164c20,0,,
3a4d8809-039c-45d6-9401-4d802485d218,2025-01-11 15:29:51,241,64e69000-7a7e-4454-8a30-3ad345497c82,0,,
b885eb03-d566-4f3b-bfa6-1755c9b17a65,2025-08-18 04:37:54,58,d51baf23-3ea3-4a52-bf8c-becb56eca264,0,,
e6a6bc80-d930-4d13-b378-6e0a677309c6,2025-12-11 20:26:38,71,4758e155-1b51-4954-aea9-2f2fadabf74a,0,,
6036ed7b-fb8d-4ad0-9833-dadd7bc20531,2025-03-23 18:51:30,65,e57ecf4b-45b3-414b-b2c8-db19d3b3ec81,0,,
20fd817f-2a22-4a25-86ac-f825f2afa781,2025-12-07 22:14:24,71,1f95d9cd-ea66-4a14-bcf1-69a8b5074134,0,,
9fa61512-377c-4215-b8c9-bf477cd5b931,2025-01-04 10:28:42,61,c7f45d5b-11f7-42da-b767-9992cac358c9,0,,
c32232cd-fc8c-405d-ae17-cbb6b06670b2,2025-12-30 20:13:04,140,c3ef3a83-882c-42d0-a9e7-8f8452017bd5,0,,
8360e5e0-e012-46a2-879d-bd77516e5e9c,2025-06-25 00:00:13,178,95b0a7f4-edf4-4af6-9747-b314289abda7,0,,
1346716b-4743-461b-9db1-e9dc594f0668,2024-09-15 21:35:06,100,2a365a7c-c024-4dee-beca-492903750e4a,0,,
63ce7272-3939-4914-be40-d4554b8cc79f,2024-07-30 07:27:52,160,0cc7cbb1-7912-4982-8749-c9f31fd32445,0,,
fded1b6a-1a8d-4e0a-bf5a-3089538250ad,2024-12-25 03:20:54,82,8cb66cde-04fe-4a76-82e3-45d25b332cdf,0,,
51f0243d-6ef1-4ec1-ac34-3923c73ce5da,2024-10-26 20:06:51,67,3ca98200-1dc7-404c-80ea-9baec7b3b69e,0,,
2f0c4135-b674-4ac3-86aa-a948e903b4d9,2025-10-19 06:05:07,122,fe74ac1c-5fd7-40a3-a291-65bdb29e8a24,0,,
3bcb51e2-343f-4933-998e-1bab40c7ecf8,2025-04-01 23:52:11,115,fd0c1448-b9f1-4908-99d6-544f3d536db2,0,,
8d68b3bf-3a93-4509-9814-b9d560ca571e,2025-07-26 11:58:21,128,97999071-74cd-4002-8939-4936336ad57f,0,,
f86ef6bd-52b8-4754-bc0d-fa9f252f44f9,2024-05-21 02:18:37,90,b47d0176-9fe2-4312-a9be-f846e3ba3975,0,,
c8b905f7-bf95-450f-a644-73a0f1922eca,2024-09-18 09:32:00,59,5b800963-8bfd-445a-b076-1ec91a0feb48,0,,
bf2b433a-3d5a-47fa-a526-06e213beb937,2025-01-13 18:14:28,156,ceb68d95-e33e-4703-8875-51a24cfc0e0e,0,,
3162db9e-d649-4926-a554-7569904935c8,2025-06-25 04:38:24,110,4f1c7162-71c3-4683-b9b5-37cbdfbb427e,0,,
5a69fe2e-6a6c-4fa8-b789-4f8ea26eb067,2025-05-20 14:09:03,53,7e16834b-2f11-4528-a5c3-e0052a7b4812,0,,
bceb2cb5-505d-4f95-a518-a9b583975504,2025-04-23 13:48:28,110,cfea948f-f07d-49eb-8ccd-bdc5a2815c60,0,,
be09888a-e461-4f08-85cb-506257ac4e4e,2024-07-20 17:04:14,69,77450c54-9cf8-4a39-a5d4-901840309aef,0,,
1c32014e-9634-4ce5-b991-393097cf462e,2024-06-02 15:57:00,59,a82513d5-073e-418c-aa7e-d11bb62c6ff4,0,,
2fe7a171-32a0-490d-997d-dbc6d0784231,2024-02-26 02:45:11,126,092d7f0f-2c60-493c-829a-650668042f96,0,,
4a76ca5d-fff5-4825-968d-c6310d95cdab,2024-12-05 22:55:55,94,30fdd17c-3c7f-4b09-a2d0-d13de7391210,0,,
c255fd8b-5d05-4d78-8c35-d5c175dea9b5,2025-07-29 06:00:54,102,0fcf6d24-97f8-40e0-92d6-6f0e4f0010b1,0,,
56d44300-271e-4eb5-93e8-8d6935235012,2025-03-14 15:32:06,307,678c84cb-38ed-4739-84a6-bf33940eeced,0,,
c3506dc1-3c0d-4f4a-b9ef-eabae7e728b7,2024-07-29 07:12:32,198,d47d23ea-d014-4f18-b1e1-f3605cb312d2,0,,
224a116a-08be-4370-a9c5-f706880c2de6,2024-12-10 02:40:56,60,f1eeeccf-02db-4e88-9266-e00c011aedc5,0,,
a9c49f89-5a15-4310-a2d5-2232f8b69a45,2024-10-03 18:19:39,217,9f972379-f04e-459d-aa74-fc07c4fdee94,0,,
09c3d7a2-19e3-4aa1-a4a5-db6f66da85aa,2026-02-02 18:37:57,118,b1037ba6-e9ec-44d0-842f-e2b5e869a9cd,0,,
3c4c7f12-bf43-465d-9bdf-8ed7a895c3a3,2025-04-27 18:00:46,57,fed7ec00-69ba-496f-870d-2568cc8abe7a,0,,
17ee4647-e3b1-499c-9c5b-bfea33720cd5,2025-04-21 11:14:59,75,ede5348a-8444-4a8a-9005-e8ac1c510074,0,,
1589e9a0-703e-4d39-b9e1-f1b4ac90322c,2025-02-05 05:34:39,206,bc1512a2-e474-445f-94ea-67b7dbcf683e,0,,
db9ecbd7-16a1-43bb-9cf7-5f73a4f299e9,2024-10-04 17:28:51,81,72b8b43f-c152-45ad-beea-1e14822fdf36,0,,
09354a30-2506-4053-b678-46bf458b2134,2025-10-26 03:51:13,87,8a769220-4f2d-4e71-9aed-3e9ff4189c3c,0,,
34feceb0-d0d3-4a4f-95f4-034b064f64da,2024-04-18 12:03:14,80,d7c84fcb-b4f6-47d4-9f12-0dd35f269f1d,0,,
c224ccff-76ac-48cf-9801-623968467809,2024-12-27 03:16:08,74,52c03978-50cd-4a91-8ef1-0addf1d8d2c2,0,,
a151941d-ed78-4cf2-8380-0bc9e2644224,2024-04-11 06:24:15,83,1e3376ce-3eca-448f-ba83-767a649cbb43,0,,
392500d9-d0a0-40eb-bbcc-8c0ff1ea8514,2025-09-01 16:10:37,51,cedae3c5-8fb8-42aa-8ae4-e4aa5958cc30,0,,
4a1bd7b0-68a8-41a7-a7d4-8045c5ff811d,2024-07-06 18:02:31,80,44017837-6eff-487d-9143-f96e356b0fa0,0,,
d9405c75-1745-4c71-a17a-e2c41edc2e45,2025-06-25 07:33:02,97,e6e57a8c-32b6-4dab-9a3d-017c5ee080e9,0,,
2c3f02f5-9dea-4b61-b1c3-2fa761abf75f,2025-02-04 23:12:12,50,0b89eb51-11ef-4e6f-94f0-541fc131b97a,0,,
fb0901e5-0b75-44d8-bbce-96d3375e010e,2024-05-21 15:10:31,52,73976207-f157-4166-984c-033736045b72,0,,
bbf14cf8-0ccf-4953-9466-82158938ae6d,2024-09-11 01:07:04,360,3efb4c1f-8760-4be5-adef-d49ba1da447c,0,,
e07e37d8-b197-43d3-9ca4-2b54c7639f21,2024-05-15 17:31:48,51,6ed03b97-f1c6-4e9e-a3fc-6875f5614fde,0,,
e881aa3d-3561-4a1d-be1c-b274690f2815,2025-08-04 10:38:07,124,2f37c59b-5068-48d2-925e-d77697622115,0,,
c628a3be-8b59-482b-8099-4c77f0455e52,2024-03-23 07:37:50,52,a0c4736f-2c96-4dc6-8cb9-550a839426c0,0,,
fad2adb4-6781-42c0-adb7-d9541ac05fad,2025-08-30 14:27:26,68,e709586a-cb77-48de-9eb2-b6acf11484c0,0,,
47de94be-12aa-472b-b872-d4dba29e3315,2025-08-30 05:41:45,77,35a26152-1cf0-49c1-a333-1b9bdac5bfb4,0,,
0ac5827e-d6f0-4e1d-a17d-eef67bed319d,2025-03-08 10:54:45,64,afbfd343-190c-4310-b7c0-7f52f7a3b344,0,,
aa8daa5b-e1fa-430f-bf8f-125c9e5bac17,2024-06-24 17:00:04,51,2ffdc364-48fa-4ad1-bff5-f234ed02a394,0,,
b090041d-b1c3-424e-9822-2da5abf51f4f,2025-07-15 05:28:16,56,32813187-9345-4d36-9997-b273db511b7a,0,,
e28b5eac-88fb-4314-82a3-f61fb73dc4d9,2024-03-25 03:26:32,170,5dae97e4-fc38-4761-bf0f-2688a9b9a7ea,0,,
331ee11b-3d0f-447c-b0bb-44d66211b499,2025-11-16 02:01:23,85,04ca6d38-95a3-47f5-a6ef-bcb502ca38e7,0,,
98c083b2-410f-4d6f-9de6-2fc08626b23f,2024-06-16 09:54:23,69,cde20282-eb02-44ea-952f-26133f6fabd6,0,,
7c4ed824-209e-4b5b-99ef-2d300b508d62,2025-12-28 01:41:02,55,f8e2e9a2-0903-4646-b586-3e34b1a8bb3b,0,,
4659c037-b258-44e3-a257-b1b14655c2a0,2026-02-20 01:55:56,65,98610482-7d67-4310-b6ab-39bb90344475,0,,
d042a6e9-d30d-4717-b816-c7708a10135c,2025-01-28 07:20:52,133,bc6257eb-6af5-45dd-a482-8ac72aa01c61,0,,
a65cb333-dc88-4105-93e4-6dbde445594c,2025-02-16 07:12:05,57,a4e783e5-d197-4e57-b525-a4fb4fc2b62a,0,,
cd899ef3-29e4-4bcb-9eb6-4cdc4844d6c6,2025-01-22 00:34:09,62,b54b9e28-98ce-4952-b2d4-2fbe6bb02264,0,,
6fb34f27-ad86-4986-b704-2e2a74760019,2024-09-17 02:49:52,96,4e51dc46-cb87-48a5-a4fc-5054eba5c18f,0,,
db78865b-b9f6-488a-9e76-827f3d885298,2024-08-04 21:24:41,229,488aba7b-3059-4fa6-b370-be622f1b0006,0,,
1a1d1dee-a39d-42bd-9c2b-350b82f3110a,2025-08-12 05:29:30,93,e3a6ce1d-e087-44ef-b06e-ed343a1e7f74,0,,
894482df-dbd3-47d1-abc3-9f7c55075438,2024-05-02 08:47:05,74,21db372a-70f7-443c-86f8-07d6d510700c,0,,
23140371-a4cb-47de-a6ca-44ec19c73557,2025-06-02 00:02:32,61,44fb7deb-33a9-4b61-b0c2-293e69ca25fc,0,,
776510be-8b5b-4e43-9e73-fb41dbbd24af,2024-09-21 19:23:53,69,42b4b9ea-2a46-4be7-b5e9-bc7ea5e143a0,0,,
80b9903b-e9f9-4fe1-b418-af80982545ab,2025-02-10 13:49:47,202,4ff3c721-ec6d-4f00-a7fe-12bbc1095d04,0,,
4617fa5e-da74-4f85-8382-e5277753c8dc,2025-11-02 23:57:35,56,7e39370e-d8eb-4ded-874a-3081b3c3ee38,0,,
54c7b41f-20f1-4493-8898-e45210387500,2024-11-11 14:40:58,133,8225e378-166a-4986-83cd-d9459034ad58,0,,
967b07d5-acbc-4d7f-ad23-06f0ec5bd758,2025-07-14 16:04:50,71,86f742df-547c-4c06-8ead-7cf87a92e0c0,0,,
48c3f87b-22f4-4b2a-a122-3402a9570a44,2025-02-21 00:13:29,65,1475235b-17d6-4b01-93a5-a3a756abaee6,0,,
faa19a3e-14d2-47c0-8fc2-29b638049f4b,2025-12-10 18:20:49,93,31c22da0-7d3c-4362-9a4f-8112736f4e3e,0,,
e97c667e-73e9-42bf-8bc8-b38d54960e1d,2025-08-14 14:46:03,158,4776f477-feca-4d53-af49-d34d02639532,0,,
a2b70402-3f69-4930-bcf3-6353005e08e2,2025-03-10 12:34:06,53,6ff14a2d-af87-424a-9ea6-b1ff146f98b0,0,,
fec52d57-0aeb-42be-8c99-9ee1c08c6308,2025-02-10 10:11:06,186,c59e36a4-f816-45b4-a849-cf95a1a17ec5,0,,
08b9a265-c56c-4173-b098-9c49d6a782b4,2025-08-01 02:07:30,135,0786e548-ea82-422f-996f-6bee25215798,0,,
1ce615a0-48b2-42de-95a8-f50057b874ec,2025-11-19 23:47:23,128,cdc90857-9376-4067-8f4a-9dc4ce786e4f,0,,
e79c2005-2b54-4079-8b7f-ecd9a9cc002e,2025-12-11 08:12:27,61,aa9edeb9-201d-4243-bca6-19f0b5aa5897,0,,
7e527b7e-6879-4b13-a5c5-c35fc04b0947,2025-09-17 23:20:41,117,43f5132d-c6d6-4e21-8643-32a87d06e63c,0,,
d11d0c9b-7be0-4512-a897-f7f66c690960,2025-03-12 03:40:55,82,4eb8c84d-cc15-4281-a4bb-800a9edb0f9e,0,,
3dc19e8c-c039-432b-9227-63f2e78a8f57,2026-01-16 21:54:09,63,924709b9-158b-473b-8e13-d98c60200cea,0,,
7327d8c9-6f49-4ff9-ab87-b94b7868e8f8,2025-03-26 05:06:09,99,54863ba8-cbbb-47b4-b81b-8ea55f1eb89f,0,,
442cd268-15a6-4f51-9252-0d0256c01e65,2025-12-23 06:03:52,52,f4c2344f-fd94-4067-85a0-176a85c37c2e,0,,
befaeb3b-5a46-4989-867f-b9fd653793dd,2025-07-22 03:56:01,65,48fabd0e-679f-4f72-a587-979e9f790790,0,,
ad0f6741-5b03-48b2-9487-30fb4ea277ae,2025-03-26 02:16:34,110,3cdef542-b832-48ae-aa48-8f6b0ac7ed47,0,,
6c15226a-d8e0-4a5f-9304-940cb9bf134c,2025-03-25 12:43:20,125,0fdc51c4-5760-4064-b182-5405490d7bc7,0,,
2b874509-5f8b-49a7-a299-343e47c74e90,2026-02-18 20:25:18,56,6783ef37-3ccd-49b5-9310-245fe1d5eb69,0,,
20a59cf1-c2c2-4102-a9ae-8a99cda82739,2025-06-20 10:52:39,232,d03baf5a-fbce-4521-9a6b-1ebb82d14763,0,,
d13c1a75-6585-4294-9d97-4b7f07ec7a20,2024-08-01 21:59:02,238,e0095583-4605-4c94-aa43-d13a3a24ee3a,0,,
4503039f-16f1-4fb9-9e81-c49e552f5d28,2024-08-07 21:09:26,75,1f08fdb4-aab5-4965-a90a-946a1b06976b,0,,
5366bc92-e8dc-448a-9795-64216a414ba5,2025-07-04 18:27:50,148,5a15ad4d-8995-41a2-9fb8-b74ce015304b,0,,
3c7dc9a8-5889-4b91-a410-145cfd7e49c7,2024-09-22 17:16:47,466,17b8dc70-7f27-4d59-873c-f4a5b8b8a035,0,,
ebc68aa4-86ac-4ccc-935e-f4c86026bcf7,2025-02-20 18:35:24,65,214011b6-5691-4d87-9fc7-be9e4a65e6d1,0,,
819960e6-f9c1-4157-a42d-4c1de6468c61,2024-03-08 11:04:45,58,98fc8869-f4ae-47b4-856c-01fdccf81c6e,0,,
91d59927-d41b-4a08-8d88-de4dbcc95676,2024-03-16 14:13:24,86,97496086-99ef-4215-96bc-87c404deaacc,0,,
d91682c5-7f81-4988-8b42-501dc35284df,2025-04-11 07:14:12,50,92574cef-2c5c-410c-b58c-20237fc23c0b,0,,
cb34b570-92c7-4d3e-8b59-7ae5aae85204,2024-07-27 06:34:55,77,5960fbe3-2459-4d0b-9faa-aa8fb01f24e3,0,,
cdf6f897-f8d0-42f1-a777-ebb15b43d4dc,2024-03-01 21:58:04,62,c231d6a4-46e0-4487-9eb6-e3a97573315a,0,,
ffd1c0ae-0c49-4693-a5c4-45840b737557,2024-09-03 12:56:51,143,06a3f5b4-6523-4348-8278-1d5af2036eef,0,,
4eb115ba-9edc-42a7-bd53-79f57dffb712,2024-04-04 03:06:11,133,5ce6e5fd-7341-464a-8a82-7ea3c8771db6,0,,
e9b16333-89a6-4705-9e6d-7a9fdc82c85a,2024-11-29 14:06:59,80,96247735-3c1e-466a-8ba7-7b214b49c729,0,,
281e429e-93af-4f45-a12f-654275226bd3,2025-04-29 18:43:59,180,54d87f8e-1d76-4817-9bf4-907c886e21b1,0,,
da33c026-4431-42c3-bb93-ce20bd6461c3,2025-10-21 00:15:06,79,9249f6c2-ef84-42ab-87e4-6d1547826601,0,,
006c734e-d99c-4e87-97ab-c5d1dde0eb36,2024-05-12 01:42:47,65,56c1a1ee-945f-4278-b8a3-bcdfd11c93ff,0,,
840808e8-095b-4b79-87a6-2760eb9f6dff,2025-08-17 15:10:24,53,a3c1299c-5dd4-484b-8df1-dd513772b18b,0,,
5448359d-d17a-483a-8cae-b2f0903785d6,2025-03-27 14:01:16,138,f5ccf67c-9001-42b0-ba15-3522c649bd36,0,,
be4415c5-1d02-4372-9811-e203c5ced2e2,2024-04-05 20:56:13,183,15cf55c3-3846-41eb-bc2b-1d7c199ed7d8,0,,
0afbc418-ae1b-4988-bbc1-51998f61aadf,2025-01-08 21:44:48,417,d7e920b7-8783-46fb-b655-e53cf188b893,0,,
c3a39804-9b80-40b8-95e3-2e1c3a8b398d,2025-04-05 20:59:00,58,5d94c62e-b9c7-4d0d-a897-bfe831599570,0,,
a3f7acab-d1f8-4e54-84cb-c12ecd0f007f,2025-10-02 01:02:44,99,4ec928d8-5563-4685-9856-d6b01cd49cbb,0,,
0a7ae990-81d4-4d9b-a1e7-2bf9c10ae364,2024-10-07 09:39:23,79,3cd4458d-ccde-4ccc-a371-b087289adaa1,0,,
0f840fe2-bf1e-4241-bf7d-3876e83f9fb4,2025-12-25 01:28:10,168,cbee15c3-5172-4af5-979a-42ed9664d899,0,,
2ed96457-4dcb-4bb4-8b2e-890d3d5a1185,2025-01-11 19:44:17,54,83397324-1727-496c-b828-b8975a630759,0,,
c6567211-3586-4358-a32a-42dd875c83dc,2024-09-20 20:33:30,125,681c92d9-0a66-41e6-9ba3-b52fd6170e20,0,,
049c463b-07a0-462d-9c25-57352b142820,2025-11-15 09:04:33,64,ad91230e-40b6-4233-b1f2-7022ede27c6e,0,,
1414539c-af66-4661-b121-375c29005504,2025-04-25 00:33:31,74,df9f2672-0308-4c5b-980c-6b0cbcff5df3,0,,
02908fad-6316-461c-9619-261245a8d4ca,2025-12-02 16:13:18,63,7a96dbe1-6b73-42f9-87b5-a5a0ab23d606,0,,
d7df3205-9776-4b16-8bd7-90afae6e505b,2024-10-16 07:36:03,1524,1889aea6-e318-4ff5-a8e2-08beb45228a4,0,,
18ada650-b4f5-4366-9043-1e1e34e6073c,2024-11-08 08:07:11,75,06946532-90df-4b71-b329-b0f98c453250,0,,
7015de57-12c4-4aff-9ee3-3894d273f2a0,2025-08-07 09:11:51,107,58cea7a5-d575-4149-a964-e80e40914755,0,,
6eaa3d41-541b-46ec-bff1-e7e6a6401ee9,2024-06-26 23:34:09,67,2c6cdbd1-98c0-4881-ba05-ca2f1933dff6,0,,
b765a7a7-7908-4d58-abf5-815988444fc5,2025-04-03 09:53:00,651,bfd7499b-387c-411f-860b-25448bafe2dd,0,,
b07515e2-c4ac-46f7-96eb-ed023b307900,2024-06-21 10:52:57,62,a4690cf3-4e74-415f-a088-8d5ca96b4d36,0,,
ebdd6965-cedc-4b49-ad14-50d37fb679ad,2024-05-20 02:02:59,69,70b07b63-8a99-471b-8c47-5b5e6f31cca1,0,,
29ca1800-f9ca-4029-8051-d2097f3a81b2,2025-05-31 05:05:55,54,4b5d4391-091b-4c41-a423-c907679dbe68,0,,
93133912-a4bf-491b-865a-b9f71e0600e2,2024-03-06 14:49:57,203,e6b29b92-4339-4286-b511-fccfa150e506,0,,
7eb33de3-16a4-4f17-be9e-d2963f8787c6,2025-11-27 14:33:25,95,1e0ffeab-7a69-468c-b5f1-d7aec91c4a7c,0,,
47a6a19f-c9af-4435-9920-cdf1100f1885,2024-11-13 03:54:45,109,8d7400f4-a2f6-4b76-a3f2-2cf8a5deacde,0,,
3446156e-288f-428a-a3a6-cf0bdbf2f77a,2025-03-23 20:30:52,78,9cdd6c23-8f92-4dfd-9213-fad8ce15cc1a,0,,
aa85693e-84a4-4672-89de-25b47af9b642,2024-04-10 14:33:59,54,8d4b6d3b-08f3-471b-9fed-19012d578adc,0,,
4f93b5cf-e8d3-4304-9d51-4448c41efcc2,2024-09-27 02:11:03,58,79c39326-77b0-44c7-9700-97e2be825aa4,0,,
f9479077-6b8d-4a51-8515-0766f0a9dfdb,2024-05-03 15:21:50,59,768009fb-2ae3-496f-9186-6ebc5f1ace3e,0,,
9b026f4d-6c1a-4c77-bca4-96f927bc0166,2025-01-12 11:54:40,142,c5196c54-5c68-4ab6-8914-b86008c75c23,0,,
2c351f49-de49-48e1-ab84-ed914bc7946c,2025-08-02 21:23:41,55,3b872dfb-6b4d-44f5-9d79-b15602072070,0,,
0c101555-130c-428d-83d6-259725304d0b,2025-08-11 13:03:14,86,51ec3744-8b95-48c9-9595-93b2f88a0530,0,,
0f7d7999-9a8a-4223-b429-ff71f2133408,2024-03-20 10:02:47,50,c7dee50a-9533-4956-a7e6-48661fbad528,0,,
2f2f2e27-730e-4afd-9140-a888fd4a501a,2025-05-30 09:36:12,51,35f78f48-56dd-4025-8290-a82eb5dab847,0,,
f55cf0f9-09b1-4f65-a628-d5f4a9d0aa3f,2024-10-16 05:35:26,65,13e8a5db-b614-4ccf-af98-f5ca2bc15272,0,,
5c4d7bb2-39be-4b42-b1dd-63e1d23522ac,2025-04-28 11:59:59,162,c6407e78-ef9e-4783-8b49-e975d0ba3d33,0,,
d6de46de-bf7e-4e31-8d9c-b4a6deeb9f13,2024-03-10 18:15:34,121,3cdb4ecc-e289-48cf-973a-11c3552e026a,0,,
2a8a8e91-14a0-4794-80a7-bee038eb626e,2026-02-13 18:32:37,152,159cdff5-aa5e-48d5-94fb-fd4ce24997c0,0,,
8ea21c47-95e6-48c4-8f01-f4f1ad0e3430,2024-07-20 17:23:57,63,1a213310-d9b5-4766-9f13-260ed05004f7,0,,
73535c9c-c7c5-4d20-97dd-1ef65ca120b5,2024-06-29 08:56:34,157,b7e41bc6-9412-45d5-bab4-23cc5f21f1f0,0,,
6510fcc8-adbd-48cd-a911-29205c5f4d42,2025-11-08 19:06:42,67,be0a97c8-c49b-4773-b5a0-73ff71415c8d,0,,
babde639-1f9f-4b58-90fe-35759724d016,2025-03-10 04:52:12,74,15cd1409-db20-4443-b9c8-60755c28292f,0,,
27b0a4e6-be33-4ace-a979-e7853478f994,2026-01-25 05:30:47,102,dc1fa90e-22d2-4e25-8cec-e82adeb735b1,0,,
386fbb6a-36db-482e-9508-7d603878fefa,2024-09-27 23:22:37,127,fbfbd572-12a1-44c0-a1f5-f0996acb2e3c,0,,
5031128c-c9a7-4a31-b000-fdc6e196bfbe,2024-11-26 17:41:38,152,9c85999a-98df-4f9d-9ffc-e97cf54959c1,0,,
c26c8ead-9f29-4bfc-a981-6e8ee2a9b7b2,2024-08-07 09:45:28,345,dcef0e2c-ccb3-47af-9478-15575d23b84d,0,,
66cd46fc-43dd-4c47-ba30-debdd8948d46,2026-02-07 16:16:08,113,ceb15ffb-83f0-4a75-b2ed-2427e3ad84b0,0,,
dec2a82b-f74b-474c-a630-2ed02fdae47c,2024-07-21 02:55:43,145,8a24eb98-8abc-4bb5-8810-651fedb60378,0,,
0183fbe6-6e53-4dd6-a103-421b6de3f069,2024-07-21 17:07:16,59,a555e610-b7ae-4164-b8b9-452ccbd1f4b4,0,,
21a310d1-e83f-49b1-b587-09b945f644ec,2025-01-27 03:42:54,92,ff464bfc-d04d-4814-8e62-4973f949e16c,0,,
cc907b48-d312-41f7-9c9e-1dd16fc25bf0,2024-11-24 17:10:04,75,d0026b05-fcce-444e-90be-eb148c672cad,0,,
ce316257-0cbd-4884-8f65-f1d04c73fb69,2025-08-28 10:48:12,147,1584a63c-18c1-4539-8a2d-b809a5ff1b0a,0,,
8e1c43d5-5cb8-4abe-bdaf-9b6f41781111,2024-12-04 00:47:10,78,dfa0b52f-1287-4264-8eb1-f0264f9cac93,0,,
f6a4929b-65a5-463a-a71e-a08007f838b3,2025-10-11 18:17:34,99,5ff9a762-b1f6-4cdc-9ae3-138cf8382ec5,0,,
43462a48-2145-4bec-8548-cb3e59bef442,2024-12-09 11:54:02,118,08f9da71-4ca8-4c2b-bccb-fc695a70c927,0,,
2db02c47-778e-476a-b48e-7491366e20b5,2024-11-13 03:30:40,69,76b9e6d1-20ff-4df4-acf7-cfe7fb749a1e,0,,
438b8516-fb36-4db2-9c49-fe2d1ec67c7a,2025-06-01 14:47:14,221,35bf95b2-1c6c-402c-b8b6-30005cf2eab6,0,,
40a88c6b-e7b8-41d8-987e-7786cd911389,2025-07-07 14:34:36,122,2d4844b7-74f6-4e37-97a6-8514aa541a26,0,,
c1918868-1246-480a-bb3a-edc7a23ac716,2025-11-13 22:06:10,66,3c5c2c70-08fa-49ba-9c76-1bd8b5ba0062,0,,
4bd41a14-8840-423a-b2bd-d95438f82834,2025-07-25 21:51:45,77,3c382759-6c2e-484c-99e9-8fe2f561b1ee,0,,
c5836beb-85c5-4906-b64d-cba1f9b2883f,2025-10-27 10:52:14,111,6f4e3e2a-1e36-4ff2-9972-52406d42dea6,0,,
15eeeaef-2150-450a-983e-0108806ec490,2025-08-30 18:07:06,65,4500b954-3d02-4abc-9062-0e90ab6d9f43,0,,
50a385b3-2971-4fd3-bf84-8e9b0907dac7,2024-08-25 18:10:08,51,12ccde9b-08e9-4a56-8f77-4dcaf1eba2ef,0,,
3d9e93f0-8168-4347-b0bc-39324134481d,2025-07-19 16:19:39,67,6a45daf8-3582-4371-81a7-2ca88da3a65a,0,,
2c9dae4d-094a-451f-a278-fb4cbacfb155,2025-07-27 06:41:12,51,0360c737-1d9f-4711-a354-fcc75a6e2db8,0,,
b5ce40c0-0f01-4052-957a-3eea11bd869b,2025-02-24 20:27:01,54,3f99d47b-3515-4504-aa5f-fe25b3526cbe,0,,
8394cf04-22d1-4911-9b7d-c1e877cf402c,2024-09-24 22:35:03,115,3ac6613f-ad4a-4d32-981b-d58abf570e97,0,,
24eacc0b-f924-4295-bad0-8d27807a6bce,2024-07-22 05:23:31,56,f6f52d93-2306-43db-9efe-aa2decea7dc7,0,,
f73dd679-d1c2-4b81-8731-7e47870ff11f,2024-10-31 04:35:32,78,2f13e7f3-5a90-4c00-a39b-5b71adebd368,0,,
cb45d2cf-3c27-4bed-813d-dc90180d6c69,2024-03-26 03:20:28,59,41c3f066-ba62-4dac-a06a-265cc76f8eed,0,,
7f9f015f-456a-4c48-9463-b28296f5c7da,2025-09-02 14:46:32,133,d80bd062-b90c-4516-9a09-83b61b297728,0,,
9694cef0-9593-454a-88dd-5b95c263839e,2026-01-17 22:19:53,87,367bf8ca-5b0d-4be4-aa0d-6c9d4d69ce47,0,,
f7b612f8-788a-4f5b-9fb9-4f6a25bcebec,2025-05-13 09:38:40,74,653345cd-3857-4aca-8b6c-0060276eb1ce,0,,
4b8280f1-894f-44dd-9a99-8b181298395e,2024-12-09 11:23:56,188,1ff2f328-8bda-4e1e-9035-f8cb51f6e3f8,0,,
1dfb7664-0b0b-4d50-9a2e-8a9ef3eae0ba,2024-08-27 00:24:34,202,6e612a1f-5bf9-4b50-8e64-71516d66c9c3,0,,
e822474d-af71-4329-ab32-e1a5ad6cfbbd,2025-01-25 00:55:04,56,800a91ad-535b-4630-a13e-bcba9b9a0f03,0,,
2fa72fe6-06fd-43a8-93ff-95687922387c,2025-08-03 05:22:57,58,a6f3b800-b182-40b0-a8a1-32f92a9c0f3b,0,,
1de96388-d135-41a0-b763-bc623d017461,2025-11-02 21:47:48,83,ab13b341-1e42-4a9a-81b7-a49f0932dc70,0,,
6d345d7c-829a-44cc-8555-c99007b6b8ee,2025-11-07 08:34:54,79,42ae6956-23cf-4043-9276-8d57237468a2,0,,
cd495e7d-3165-403d-bf41-cd53ee379b02,2025-11-26 13:23:48,108,b5bc9031-809c-4d46-b45b-aa4384ee8c69,0,,
82630590-905c-4cce-b8e3-2d826b211764,2025-11-07 06:46:18,73,fb83be4c-8a87-4323-9532-1469becd9d15,0,,
efeb1a7e-e25a-4415-83c6-3bb5da5a8bea,2025-10-06 06:47:58,59,8cb1a9da-d5e7-484f-9014-688eb624ee53,0,,
4f0c829e-e254-4379-a730-a2c9ed3ccde7,2025-06-25 20:25:50,118,14cee996-2568-45f5-be52-1005b852751b,0,,
43d20872-0e0d-4cbc-8e9c-3114400ed471,2025-04-23 20:35:55,88,c7929e85-3d33-49ea-acdb-c6f5af0371b5,0,,
a36140d9-08dd-421d-9679-72aa3739b99b,2025-03-18 08:36:02,228,72656098-3d8a-4a04-b5b2-fdea46df5f9c,0,,
39367db5-2004-49cd-9d12-a9a8983f2e9e,2026-02-17 00:33:04,75,f075bb73-ffde-4c86-af17-6f6625552ea2,0,,
78c0c9d8-fc1f-48ab-98a2-fac441775e16,2026-02-14 15:48:19,62,f7dac483-1e4c-4123-94f3-310c2af381e0,0,,
09e719f8-e493-473a-acd2-1c340a6e3256,2025-04-27 11:17:11,67,745861fb-a281-48c2-904f-8ba46c1869ae,0,,
9e44a16d-ca7b-49c7-b94d-f7b2a08a1df7,2024-12-03 21:41:23,87,8943e9a8-f426-497c-9ca3-d6a9db1d116f,0,,
a5ec0249-042b-4a8f-b0f6-207c68c8565d,2025-01-23 07:38:02,58,537a287b-2f7f-4464-89ba-f5809b66c2f6,0,,
d3141664-3925-4216-b991-7d2448ca98c7,2024-05-10 18:52:18,66,abdfca5e-83d6-4a4a-8a26-910c5600eb2b,0,,
dd917903-dabb-4946-a8c3-47e22875f3a8,2024-07-02 01:29:31,81,9749e4bd-b2f7-499e-adcf-f0880f479967,0,,
60a36a0f-efd2-4de1-963d-a6eea7d0ace6,2026-01-16 21:54:18,57,2059dae0-7904-4792-9d75-d21542574e1a,0,,
4ecf1cb9-71b7-48fb-a961-2d9c85a33bce,2025-04-28 09:43:12,128,a32d2e23-0a53-480b-9c79-0056ed279bea,0,,
94a4d70b-a381-4eb2-bd96-c939d91a6d50,2025-06-24 09:48:39,68,678380b8-a7eb-4ed7-b74b-7527be9e4409,0,,
00d0fbba-d75c-46a1-807c-51a980b420a1,2025-10-20 02:50:32,53,a9971522-4cab-412e-944a-727d7b744b90,0,,
baa2515b-c22c-489d-a3df-e69ea1137f89,2025-03-08 04:35:47,58,ae5bc6ed-3116-43ed-bb3f-ec2935d62d56,0,,
3ed583f2-8a2f-4508-8bb8-136657408e8b,2025-06-29 14:35:06,52,1e36dfd2-c0e7-4ac9-8b55-ce951415c470,0,,
976fd234-ec45-4505-bc43-2c366a25ef95,2024-07-23 17:22:52,56,6f4d7ea2-dad5-4c26-a94c-3f9cc9367ae1,0,,
73cca63f-8652-4bdd-bc7c-16fb186dae51,2025-11-23 22:57:52,147,6dee72d1-5bb9-4368-ae30-3f80ead8ec8a,0,,
c0893910-ae24-4306-828b-64938f343e87,2025-05-31 12:36:32,91,737d08a6-a1ec-41ce-ad8b-0612933babfe,0,,
2a4b23d9-92e4-41c5-9fdc-672c418c60f5,2025-09-02 23:30:44,174,a471e7fc-ec27-48cf-afc8-91c90fb123a8,0,,
7a91e3fd-948f-4084-8a3d-847ed0f49d79,2025-11-29 23:09:38,57,62aa4181-9e03-4775-9afb-edc310427b17,0,,
b0b36b86-9cfc-480d-8829-ad3b3e8f7dc0,2025-08-21 11:42:43,95,96161cf3-ffce-4a4d-b13b-da793dc34fca,0,,
719be731-5641-4ec0-b56e-d34fe7ec0892,2024-11-02 03:28:48,68,3b5c8a20-2f86-48f3-9880-abcc90ceed54,0,,
0e731016-6e2f-4267-8424-b25f331ac5d3,2024-12-05 04:31:40,54,a66bd73b-9be5-496d-b5f3-2549c3fdb385,0,,
4d272fea-1891-4384-b589-94b99d372d59,2025-07-18 18:36:33,79,15ab4da8-192c-4198-ae25-ac19d2888138,0,,
98487fb2-62a4-4170-bf6b-7a33204bf3fc,2026-02-07 21:03:20,63,0c7e9e53-14f1-42a8-9a48-9d902d33b34d,0,,
f51ccf77-d543-473d-950a-476a27e61e85,2024-05-18 10:48:58,147,92f220ab-caf7-43ce-a046-9b224343f3df,0,,
e36d64ea-775b-44ba-81e7-9774aed736f2,2024-06-02 08:42:27,52,18989b80-1e9c-4a18-a4d5-ea7580ee0f12,0,,
38daf962-5825-47a9-abab-c52af2d34948,2025-03-13 09:26:27,93,b692d5ec-0f22-4ad4-924c-e3e943994139,0,,
fe31787f-b6de-469c-84f6-606b0b342b73,2024-08-24 05:49:02,127,f4b71058-005d-49ac-bc85-7f548a99d355,0,,
2f07f796-015c-48a9-bd83-d154465961eb,2026-02-03 12:30:57,267,8d22cb6e-d578-41a6-ab87-d1cd4042c45b,0,,
e3940697-eef6-4302-932f-f5d05786bff3,2024-10-15 21:17:29,61,2c79fb60-2c56-4604-bce3-beabb278ea2c,0,,
f0b82f88-fb85-49b6-b544-b6d6a6aef839,2024-05-02 07:22:48,99,18ca864f-4355-493a-a918-8593a3890800,0,,
2e5a07b4-6661-49fb-9982-6635d79eb10c,2026-01-29 00:53:04,118,a6bfdc28-031e-451f-b52f-1c77fac9507c,0,,
43936762-d8bd-486e-a089-cb42a714144b,2025-12-31 06:28:24,64,f78dde90-755b-41da-ba60-050b246d1a80,0,,
13256d01-db2c-4a85-873f-b044d4f213cf,2026-01-08 15:14:36,70,9e37159a-daa0-475f-a6f1-ba1ade81cc7a,0,,
2aefaf65-d5f7-43dc-b68f-5c7acf697ebb,2025-07-08 19:12:41,61,2c686837-e0d0-42b2-96cf-14559c12e6e2,0,,
046caa20-8559-4850-964b-b31714b9ea51,2025-07-14 22:08:55,366,86ec2189-fcc9-4db8-bd1a-8580c2f3c181,0,,
ac43ea17-80ca-4592-a2be-602b004348e0,2025-12-10 20:06:26,75,ac50342e-a991-4848-9358-8efa98d07745,0,,
5463aeda-91a6-43d4-8adb-66b588a5ac44,2026-02-11 00:24:39,58,8e36d017-469d-4b72-a3a1-fb5ae215f44c,0,,
6ab29dbf-e8ea-46df-803d-35d380e693fb,2024-04-16 13:31:08,101,f40d4ffa-2c76-4d30-944a-38aa96d54c71,0,,
e219e2bb-401d-400f-8e0d-e7415efe42dc,2024-04-19 22:54:12,54,84589e80-e07f-4688-a952-62ad91b13527,0,,
24dc4472-a18b-4659-acd3-fa36ba20106e,2026-02-02 06:47:57,193,314f6e7b-c3cd-47e6-9121-0fec0c06897d,0,,
1c091673-5eb5-4c4c-86cf-dbd9676ee902,2024-11-02 11:47:59,95,7b450f82-06a2-4e6e-a957-715ca65e2bfc,0,,
0697cc75-176d-41a9-97ee-6eae224c5875,2024-09-12 18:45:09,87,2d83636a-68b5-4dac-8b3d-e9f4802cc570,0,,
7db792e0-d214-45ca-ae00-4d1fe98707e8,2024-09-25 21:27:46,55,5dc0796d-b806-4166-8ef8-1c233ad2b8fd,0,,
a5c25d8e-81e6-48aa-bce0-ca68923a328e,2025-09-01 20:22:57,84,8fd3fad7-679b-4f64-b282-ad5b0a3f4b24,0,,
f9b91a46-982d-4d93-bcd3-3d49b27b5990,2025-12-10 20:53:45,320,803fb19e-46b1-46c4-8b0d-c48cd42a32a1,0,,
25c3724d-726f-470a-92ef-49ab0ddc439f,2024-05-14 14:33:39,81,f40cf9b0-b02a-4c16-90c9-04d67f02b103,0,,
5783999f-2b45-4cb6-89b6-710f9ba740c4,2024-07-28 06:51:19,51,f327f9a4-2d52-43ba-8ec8-32f63bf6599a,0,,
af08e5b1-056c-4268-988c-04712b3933ec,2025-10-12 00:31:40,387,218b7aa7-5a54-419b-a316-f526123585c4,0,,
461682db-5afc-4ede-8781-15fb12516d7c,2024-05-05 05:40:56,50,8d2af67c-0a52-4fe4-b936-f251a6914e11,0,,
e2d61c8c-e2e8-4c16-a338-b0dbc2278eb7,2024-08-14 19:09:11,61,7d129464-770b-4fa0-837f-030c9ed1fe03,0,,
32c8004b-dfdb-4ffc-8ae4-bfe3b939772e,2025-12-08 20:50:21,56,a5a8899e-f688-4719-b589-dc5ca1995a89,0,,
8dd04eac-114a-4ed2-b19c-a93291d14dab,2025-03-12 18:09:59,62,2c468126-5dcc-41d3-91d8-efce1d47dc0f,0,,
9938f449-9e27-4eec-9f39-5af73b0d23e8,2026-01-31 17:58:18,97,6b14382a-4b54-4f72-84f9-7cb9ce1df1df,0,,
e09a71d4-3e9f-4a53-8598-c05ef0c2c79d,2024-04-05 15:20:27,50,d979e3c6-7439-4513-9d15-d36ff6af9072,0,,
bd8c18da-704b-4d5c-af3c-18e6218d1a48,2025-08-09 09:47:06,56,558d28ad-9cf1-4272-a1fb-81748fa544fe,0,,
9aa0d22e-ec3b-457b-bb12-8b6671182668,2025-12-01 15:28:47,61,086b203a-d824-433b-a705-016160acff7c,0,,
dcebd367-cd6b-4de7-b8bc-0f22d7b7ff48,2025-01-13 14:15:36,88,e5fc0b1c-8d10-45c0-8cef-75b03f13efdd,0,,
0264bd0f-3320-4586-ba17-26cfd701b5a2,2025-06-29 05:47:28,279,43671a70-0c26-4d02-aa58-c564fcf3026f,0,,
1410b37c-ec33-4ab9-9da0-2e027f482c49,2024-04-12 18:22:00,79,75306ccf-82c6-4175-be4a-6e12e38679ae,0,,
1b2bec6e-16e5-421d-869d-81e93c9da919,2025-03-07 05:42:33,174,17ff6057-1fa2-4a62-b63b-1b3211eedc7e,0,,
5d19ac58-0868-447d-bd4d-34a2e6864a66,2025-09-10 13:52:26,903,93baf184-a153-4ed0-919a-f41c1e968a6a,0,,
30fe7421-bf0b-4e32-9c8a-5d0c488eb5b9,2024-12-18 04:24:48,71,afb0dfba-71f3-42bd-9936-8333a81bed8d,0,,
34ed8077-fe76-41b4-b294-5f1ad0d16d99,2025-11-30 16:15:11,79,2b99c8aa-faf7-44a5-921f-e5c17a348ab7,0,,
83b7490a-f2db-44ac-be86-0757c3118c32,2026-01-08 14:10:08,205,9d7a02d5-285e-4472-958c-2c4da1b2f745,0,,
8bcf2bad-991d-48d7-8bc8-9681c4614ade,2024-08-03 20:56:13,56,e6e75e3d-908d-40b0-8b2a-12d6ef85c356,0,,
19e460bb-b0cc-42f9-976c-6cbac044203c,2025-03-07 18:45:32,102,db32a512-09e5-4dc6-b955-ff25ef750b53,0,,
adee4b43-db88-4072-adc7-6a79d983e791,2024-05-15 18:08:22,215,d4dafafd-ffa7-44fe-9535-eb4473d5817a,0,,
21210b44-4d49-479a-a1d0-d449d21f4c76,2024-09-17 15:45:51,128,d8da71cd-61b6-4b89-a3bb-4e3d35a5669c,0,,
18623161-d327-4ed4-b864-8293c5033c27,2024-03-17 21:16:09,95,d805d7c7-83d6-4294-843f-c0393849d721,0,,
b9064491-53e6-4a84-b1c6-64db07aadc37,2024-12-29 11:42:21,209,011b617d-d31b-4874-a5fe-7bddce6ee38e,0,,
c1a3f59f-04cb-4e74-8988-f88614a94cda,2024-07-20 00:35:44,66,f7d2bdcb-9cf2-410a-9c86-df7f17b9d26b,0,,
7ddc3699-73dc-4c30-897b-958dfcb0afff,2025-03-13 22:51:21,53,d27c5e2d-6a62-4aa7-b58f-ee2919f5f241,0,,
92f9a0fc-2af1-4aeb-9359-dbef0adbb586,2024-12-12 14:50:02,199,93224c30-6379-4606-9ff7-53cb38b68d1f,0,,
dbe36694-9348-4686-9c26-de960d3bb651,2024-08-20 03:36:34,59,b4739633-c529-4b70-ad3e-8e9c00f0397c,0,,
f2cbea7e-a365-41b3-bca6-745f5e56d2b5,2026-02-07 05:26:23,69,a7a2e4d6-dad4-4b59-be88-5db1398a9ec0,0,,
c7086759-b6f7-4c07-9936-0b5983a02b9a,2025-09-20 12:05:28,66,22ca8635-e0ce-434e-a13b-b335ddb10898,0,,
12b4ab92-c0d2-442c-89c4-50b438eb456e,2025-01-03 12:33:12,53,e168a040-e749-4a13-bfaa-5efde846a807,0,,
4143c2b5-6e9e-43ef-bdd2-885ed1aea8d7,2025-06-20 04:15:23,77,45466df5-98fa-4aed-82bc-d5ac19ed6ffa,0,,
ab86a314-9dfb-4bc2-8773-1861b3ead80a,2024-08-25 16:11:30,78,d3bf1620-5c05-4cfe-9043-203be698b6f0,0,,
ae12801b-ab35-4277-8a11-aaa291f5d5eb,2024-06-07 08:48:16,66,6e9fee32-d521-44dd-8c91-89d8b4a08ec2,0,,
1601c546-8a97-4e11-87a9-7e86119a7071,2025-09-27 13:22:21,475,9bb484fa-81df-4561-96df-df6fe7a34cc7,0,,
3f13fb74-5ee5-414e-89fe-edfa2fdea31f,2024-10-18 05:56:44,65,a0cfc380-db95-4e33-a288-958942c11370,0,,
6ac60b60-e9c2-4056-8664-2b3cdd440e73,2024-06-29 00:18:57,55,2b514a8a-9796-4189-a707-d7359bdf2927,0,,
638b01da-7240-4ed9-ba38-832c46a6f1df,2024-12-03 07:44:15,102,4e128a66-1654-4235-9c45-e98a804c7d59,0,,
b9d2cb00-994c-4a71-ae53-1a18ab823e43,2026-02-20 05:35:18,63,074fcb6c-14d3-40b9-ad85-a7d08342e2f8,0,,
72155bf4-7127-4f66-9bd1-b7d9d04336f5,2024-11-19 20:39:18,203,b3a6e5b3-c06c-48ad-bd8c-9444629b31ec,0,,
cd5fbb8e-5bf7-4660-949f-2abddf5c4062,2025-03-28 20:09:10,90,b116c514-f3bb-40cc-805c-d72d0fadbd61,0,,
64768f6e-93b5-4c56-b36e-69b08a3b4263,2025-11-20 02:42:46,374,0a8dc27b-11a7-4214-8b10-e62f03577108,0,,
2e0519a3-ebad-43f2-83ae-2b15a24c5880,2026-02-06 01:00:58,290,3bf6bdcf-87f9-4217-8905-b44dddb85a3f,0,,
fbd07348-d910-4043-b8cf-38009ddaa38f,2024-11-06 21:12:18,58,966f9441-f89d-4b89-a2c9-e8c3bb62094e,0,,
0b5059f3-e668-4bdb-a571-aef7bc7f4421,2024-07-23 07:13:45,87,26126b36-007a-4049-9f42-f499ee773711,0,,
d1df55c5-907a-443b-af5c-23e3daa9f8ea,2026-01-16 22:44:02,87,9134d89c-6662-420f-ba3c-6682fd507b69,0,,
60a1261c-beb1-4145-a185-3de39181c719,2026-02-17 00:16:46,68,44d3a3f9-c082-4974-a243-ebc8d6b5fbca,0,,
400db0e7-01cd-406c-8856-b7a99ea0ea3d,2024-10-25 20:25:07,52,7b1101a2-5f63-42aa-b93a-f07ed24cec45,0,,
d34c0e4c-5b9d-4baf-9a34-5fa922b5fb08,2025-03-17 08:09:49,113,13d7e7f0-7c9d-40ac-b0bf-e70c155171ad,0,,
141468c5-56db-451d-b17d-99de85e47813,2024-09-22 12:00:21,152,cace94a1-53d4-41b2-ab20-2921ef7d6b0d,0,,
28cb70e8-f0de-4ca4-a982-fdf0697b20c6,2024-07-06 09:30:42,184,1877c966-d7c8-432a-a2da-25d4882e4e47,0,,
bc444799-3e40-49df-b3a4-7292aed8c745,2025-08-22 20:55:58,100,6cbd15cc-f52a-48a0-90e5-f52c8d8dd60a,0,,
99e907ba-136b-4677-843d-d55ebd30966b,2025-04-13 16:36:53,61,c1001702-9895-49bf-b88c-b2ed6d46692d,0,,
82d79430-52b3-4f9f-844b-357d9e130c8f,2025-08-27 06:49:55,53,dda98c43-71ec-459c-80b6-c83d766082d4,0,,
adb68820-61fb-4054-a22b-c01f1cc1d4d1,2025-07-12 23:10:01,94,7c4215f2-c3ca-4747-9363-af35de5240e3,0,,
2a191581-6ed1-4309-9fa1-eee5b0e3564a,2025-12-04 12:24:28,325,55063fd6-a37e-4a10-89cd-2f64f92968af,0,,
7c06eeaa-ba33-4da4-ab3a-03310b08e1d5,2025-02-09 22:15:16,92,5835c076-d421-4649-b5d6-96a1596013bc,0,,
cea9cf5d-1dfb-4fb4-af65-b5f1a1ea91b1,2025-05-14 12:26:23,78,2eab815f-a45f-45f4-95d6-73d55408941d,0,,
5c6df658-fa05-4de2-8727-ab99698db552,2024-05-07 08:21:17,68,980bd03b-b5d1-4a05-a5d0-9fc80fa6283b,0,,
5c8b584f-d885-4b3e-a7b6-4fdb39d1a5de,2025-03-12 13:31:36,101,7fb9c09d-d9ae-40c2-99b0-66f827fd77b8,0,,
f38479e1-373a-410a-a3d9-6924c4024e09,2024-07-07 07:30:31,50,cd8cd02c-96b4-48ed-b0c6-079f1ca6af5a,0,,
f6e9f79a-a0eb-4c6c-81f0-d0d9e3950f6c,2024-04-15 11:23:45,110,167c5fea-351a-47ca-8157-60fc7219ece2,0,,
fbecfd5f-4dd8-4066-a314-7bdb0cc04ed2,2025-10-04 12:50:32,112,48aa53aa-9f63-4645-a1ea-b3de0e2a77bd,0,,
c2c85dd0-8e0a-422f-93e4-1f7812f4657d,2024-08-20 00:18:26,181,1fc27d95-cec0-41a7-9b65-ee2e4e0b43b6,0,,
3f034058-23cd-44bf-802a-195e0f553477,2025-07-05 17:08:26,211,3ca3a267-6e43-445e-b78c-7d4a46e74347,0,,
3305dd25-8478-4f22-9801-5dd6025dd72c,2024-10-09 14:06:48,90,09ab49c6-46b1-4a94-94a7-5d3cf8fe3fa6,0,,
a11f1724-d382-4c58-8b6c-0ac34c4f3c6e,2024-05-28 10:21:53,61,443f5581-d51f-4d66-b024-7e2cd8627a95,0,,
f51e0e6a-e4b4-4ae4-a706-7c8cb4575b68,2024-11-05 01:53:32,83,1f0e3d9f-4098-400a-bdec-105fd9b0597c,0,,
10c64cde-8018-4685-a88a-9509875b5122,2025-06-16 02:11:41,69,712c133c-df2f-4c75-a493-e87b5d1e47ad,0,,
525ccb9b-e424-42d6-8959-55efd84b6e05,2025-01-13 13:51:05,121,cdfd59d4-ffb5-4d65-a1aa-c2f5b80ac6f8,0,,
d7df66d7-4f2c-4009-8353-217965e35ded,2025-07-28 20:45:10,53,bbb6669c-c4fa-4f44-a128-194c6b181daa,0,,
9fee4f0c-6dd0-42a6-a9e1-6fb6cb7b53b6,2025-05-28 11:33:57,60,4d2d3117-4888-439c-8f5a-7fd8533f5b7e,0,,
d074fa88-c7b1-4a03-b80e-820b6612e412,2025-07-31 19:06:06,201,e9e32b3e-3b50-4fea-87a3-6f911f8d83e3,0,,
bbc3b73e-fb70-48f3-98e9-0731a3ebbc19,2024-08-17 07:37:06,53,bea81322-2e46-4b38-972a-b8cd1d37ca33,0,,
1a558341-6056-4ddb-9591-32c2186472af,2024-10-31 00:43:57,213,d4d359bf-08bf-4f64-ab93-f37af308e207,0,,
4a3c7a27-6e6b-47a8-ae21-2241939a6e0f,2025-08-08 08:50:05,55,564a0e02-dbd9-47f5-9688-c6c05eb9481e,0,,
5c02b93d-6bd9-4bda-ac58-8e076bf42758,2025-04-01 16:14:43,59,9924ce50-70dd-45a9-8ee7-529f39e2db71,0,,
b2a8d0f2-021e-4555-8013-aedaf686afdb,2024-12-13 20:08:02,162,9b4ba239-94ee-44c2-aa46-a6488f3d093c,0,,
36d7e047-dd56-4421-bc16-5dea8783cee9,2026-01-21 05:34:32,62,8168d2d4-50a1-47c3-b752-f51b0b6454d4,0,,
9818143b-40c7-4acc-81e8-48edbb84e7e1,2025-09-21 14:54:20,64,fffd25e6-ec6d-472a-b90a-720466d4177e,0,,
b0266a19-d79f-4503-a3d5-b07fc87071c3,2025-07-11 01:35:24,64,fe6d4742-49aa-4a67-ba52-290010f0b2c8,0,,
4353c289-7bbc-494e-8cf0-d5c7ac7f6650,2024-10-28 19:57:34,89,a637c7ad-35e4-4b35-954e-c8d36c02025a,0,,
206cc53b-faea-4145-9cde-b778ea54c352,2025-05-09 00:54:53,55,90ea8bb8-1ed4-4c44-80b0-ec6873445e35,0,,
283f214b-dabf-48ea-b982-9eff0bb5c1cc,2025-09-27 17:12:56,50,e0f43ea8-306e-4d06-87c8-f5e26f78abe3,0,,
61a8df13-2c5f-47f6-9440-b3ff72fb24eb,2025-02-04 17:33:06,100,50ba1bc4-e451-4a9d-a750-47363c791a3f,0,,
ac060293-5021-46fc-a5b4-fc7a6da26e8f,2024-04-04 18:40:15,79,52cb70a5-d58e-46dd-ae63-b48be7447187,0,,
976cf1dd-21fb-4253-9994-40b1165bab41,2024-06-13 01:04:45,86,cb3e4935-fb87-438c-8737-df98b9e71d87,0,,
677359bf-33c5-48ae-ab4e-a07d9a162780,2024-08-25 22:26:42,140,248f36c0-4869-4215-bd69-26423973802b,0,,
39229a55-25a3-4df4-aa1d-47872748dd6b,2025-12-14 00:14:51,72,201311a0-24e9-4b3a-be48-b3035438b683,0,,
c96e589b-dd1b-40ee-bd93-282a9b1c710e,2024-05-10 02:44:49,637,4a150daa-fcc3-4c65-a863-2503c3f48db1,0,,
4a605d9a-71bf-4c5d-8595-c4b6fa8b269e,2024-05-02 02:06:00,139,1b3955de-e314-46ee-a77e-90ccdf92e599,0,,
0f7f8db9-1e19-46be-b431-f0a98a12a53e,2024-09-29 05:07:56,56,04e8c4ef-ab01-432a-be45-989af4983ba2,0,,
edd56247-ad7d-4304-8472-5a5f47c56c83,2024-12-13 16:37:42,57,b18f2474-95f8-4938-bd03-eedcf9717168,0,,
ace67f8f-9ab4-4a53-901e-539dbabecd1d,2025-08-22 22:01:04,57,b724e306-8974-41c7-89c1-95301b863c54,0,,
cdc6fde4-0c20-45d9-bb58-3bba415973a6,2024-05-19 05:11:47,246,51fc6bd4-47c5-462c-83fe-b74f09e9fa5b,0,,
9b144c2c-e657-4236-8b22-536917ed3a51,2025-05-26 22:30:45,118,56bfe977-e4b5-426e-a83c-0aa489612b52,0,,
03605371-0d28-4cec-abf5-a2b4a59c5f86,2025-08-24 10:00:45,102,7c337681-039b-4551-beaf-c3d8ceed5956,0,,
3c5d3d1b-64df-4ed4-a54d-91adbf96730e,2025-06-09 07:05:18,171,3d7252fb-95fe-4f93-8309-616f1c5ecbd0,0,,
a88f4cfd-06b6-45b7-9dd8-bbf615d5137a,2025-07-15 03:56:07,66,6593ec7f-33eb-499a-b19f-4610aef2c20a,0,,
62f7dcca-7fc9-4a4e-8982-edd8b6720b5f,2025-06-08 12:38:41,80,9c107e21-1c5f-4b4c-a9c6-84f685c38316,0,,
9f2da436-c494-43a1-96b3-b64da7ebe243,2025-07-14 17:32:53,98,1c0c43d4-f518-4fcc-a814-f93c37a280f5,0,,
22d6ae88-595a-4925-9a8e-4fb1553581f8,2024-07-28 00:03:08,56,9ec44a19-2ea4-4430-89a5-d9fece0eb53c,0,,
40d3ed5a-9b80-4dd7-a4bb-da49e3b9a08c,2024-12-13 02:12:34,141,850972f1-877f-4f78-a8d5-f1e35a55fb67,0,,
a117799c-e4d7-4f75-9cc9-a2761e78a59d,2025-07-20 16:23:44,53,057087e2-a2cf-4a77-8911-bbe2a43ded86,0,,
313c40e1-7092-4b54-a988-991a4db08fa4,2025-06-05 17:19:37,104,e8de6eb9-70f4-409b-a113-0204d3b1d753,0,,
3527feee-a834-4d62-8f1e-b8fb80c9c867,2025-05-31 12:59:57,57,ec26d792-760e-4b08-99b5-a9ac2a77197a,0,,
d9272c9b-f2f6-461d-a75d-4fba0ba50e1f,2026-01-10 02:33:41,72,7f2b8cb4-3825-44e0-9900-ef4acbd4b71a,0,,
f18b34be-b76b-488f-9b72-7d3a9eeac22f,2025-10-15 11:41:26,70,bab2daf1-5f35-44c9-b0b8-0f41b48c979e,0,,
d228afc2-960e-4bf1-aa08-f1f14c87502f,2025-12-04 21:47:19,95,3c5c543a-ac06-454d-ad94-147e381e7ffe,0,,
fcaec831-fd07-4080-8984-c9fc5b6bf08c,2025-09-07 13:20:52,103,16a94afa-876e-47a8-9245-f8f6c9e5f714,0,,
e5e967d1-631c-4c84-9853-7ab35119998c,2024-03-28 12:47:06,255,068099ba-4295-47dc-84a5-54c419d286e2,0,,
4b1f54f1-4ea1-45ea-8d34-0db17c79d15e,2025-02-13 15:19:18,86,b77b9c61-b878-4b79-bb51-f2269557857a,0,,
2c15b5ea-b381-4aeb-ac95-50d15b5bb317,2025-01-20 00:54:53,65,689ad483-1898-4f6c-afa2-f830429bc360,0,,
8b9bbd1a-fa87-4d4c-8dfd-7f71d56f5bbc,2025-02-05 14:06:07,82,9a694df9-b7dd-477f-b332-6ee1eaeade35,0,,
c6d20371-661f-493c-9e42-2d60acd6810d,2025-07-22 11:54:50,76,7f595ddd-69a2-48fd-864f-86418fe059f8,0,,
ea5af707-d88b-415e-8775-bc166f6f4f3e,2025-03-29 19:30:02,1301,0bda16bc-e680-42bc-bf2b-20504d2bf8c6,0,,
df522bb3-02ea-42d2-b5ac-e2601dd6ee46,2025-01-10 01:39:06,63,85708bf8-9b9e-4a01-a073-033cafee66ea,0,,
b9a6e499-ab92-4dfe-81d5-d7bfa651a692,2024-09-29 16:05:45,79,3586f472-ce8c-462f-9350-4d9ddeaece6c,0,,
4e2d37ce-1e73-4a2f-853d-b612410d295e,2025-11-17 13:11:46,84,d269780f-fd91-4486-a1f5-19ebdb4c145a,0,,
2c6c6141-55ca-4aee-b219-4362834221a4,2025-07-21 23:03:48,106,e803c0ad-0ee0-4bf8-bec0-3c5c5a80ad28,0,,
4d446d7b-5e46-4bef-a028-7d2d1ad36531,2025-06-13 16:42:34,76,6044067c-88a8-47b3-861a-fd096bfd805a,0,,
3ff48cec-70ed-4242-8203-10a398e302ee,2025-06-03 19:49:55,74,a100e0bc-88ef-4811-ab89-027a988ec37e,0,,
9d9be4c6-3a5f-46ab-a7a7-05075792e9f9,2025-09-18 01:21:46,125,5f6c70b7-3be0-4299-90bd-a79cee2a78fe,0,,
1f4da01b-5389-4381-9343-41d30426d3d4,2024-12-03 09:37:30,65,c596259d-6865-4a9d-994d-607beb605a66,0,,
701d487f-73c5-4799-82bb-d7a4a2cce1ce,2026-02-18 02:51:03,192,6d7eea2c-b5a8-4ced-9659-93f887eed491,0,,
05c3b16d-a3c4-48ec-97f4-cd3b3413b8af,2024-05-07 22:27:00,121,71fd7966-a9e6-414e-b7d8-df34668f5d6d,0,,
9c1054ab-f53c-4e3b-a57c-deab1c8a8144,2026-01-09 01:08:45,218,10013d95-f1bd-4366-9708-51e4f7530f04,0,,
1564523d-0686-419d-9ed6-45545c6b69b7,2025-06-16 20:34:10,94,83f3a602-845d-4bda-bcad-f9cbe2fb03d4,0,,
f3b9db83-62d4-4e80-a8f6-a2118c6bdc10,2024-08-06 13:11:51,51,7d97542c-fdf6-4e5e-bac0-a399cb3b8ad9,0,,
de977a57-f97e-406d-8725-95d5cb8d2346,2024-08-11 16:56:57,99,8534cf16-90e0-4cbf-85d1-b49a711d76c6,0,,
9f45d448-fe47-48ea-8ea8-37623b8636c4,2026-01-06 23:47:06,144,add48591-0a06-4aae-9fbd-0623cab80b63,0,,
4a1e4488-3b7c-42f9-ac46-cadff4c9e4ce,2024-06-19 17:33:52,187,93925ac8-1604-4c51-87d8-88bcb5b1f5b0,0,,
d0029d51-fb1a-4b44-a66e-4158557ab9dd,2024-10-28 19:30:25,112,eaa5ffde-2354-49d7-b0e5-3ffa940508a4,0,,
ab537be0-7284-4bc8-b4cd-c1c675a89a2e,2024-10-27 02:04:27,146,686789bc-a036-4782-969b-8274701273b1,0,,
b8b6cefa-4499-4f59-a5c1-dc4b2933cefe,2024-06-03 20:11:53,66,de5a8db6-1ba8-4a8e-a10f-696ca3ee8113,0,,
c75b0976-3279-4630-a944-5949c27e7ef5,2024-10-24 09:54:57,266,48fd0241-3cc0-4a8e-a72e-12aafee60faf,0,,
5379eb7c-ac59-4cc4-aa8e-b33fa7671c84,2026-02-19 00:14:31,355,2bb64c4c-e051-4f77-a9ae-bd0462572128,1,4.0,hub
3fbe8d09-ee26-4d72-a47d-4271c07ead2a,2026-02-26 00:14:31,90,2bb64c4c-e051-4f77-a9ae-bd0462576420,1,-3.0,bot
ff689960-7d17-46b0-9595-e291268e0a6f,2026-02-26 00:14:31,56,2bb64c4c-e051-4f77-a9ae-bd0462579397,1,-3.0,bot
e2870668-e2d3-4990-95de-4868104a8f71,2026-02-26 00:14:31,57,2bb64c4c-e051-4f77-a9ae-bd0462576339,1,-3.0,bot
2b37177b-9f23-4f98-97d3-bb355449a4a7,2026-02-24 00:14:31,33,2bb64c4c-e051-4f77-a9ae-bd0462572267,1,-1.0,bot
11bde763-3f4e-430c-96ad-54220c479fd2,2026-02-23 00:14:31,117,2bb64c4c-e051-4f77-a9ae-bd0462578896,1,0.0,bot
bbd7ddfc-fdf5-4498-adf9-9ec73a0ede3a,2026-02-19 00:14:31,63,2bb64c4c-e051-4f77-a9ae-bd0462575532,1,4.0,bot
b7c89fee-746f-466c-9fe1-7879c779f4ba,2026-02-23 00:14:31,23,2bb64c4c-e051-4f77-a9ae-bd0462579430,1,0.0,bot
c0238b45-7813-4677-88e7-09d265e70c3e,2026-02-21 00:14:31,62,2bb64c4c-e051-4f77-a9ae-bd0462573964,1,2.0,bot
ed5819d5-4b06-4a6b-804e-d680fffb669b,2026-02-22 00:14:31,100,2bb64c4c-e051-4f77-a9ae-bd0462573340,1,1.0,bot
23bea79b-1310-449c-ab63-56c3405e68b6,2026-02-19 00:14:31,23,2bb64c4c-e051-4f77-a9ae-bd0462571025,1,4.0,bot
bf852743-f14b-43fd-b7c4-285e1852e9cd,2026-02-25 00:15:15,407,bf3d2dfe-0a62-4bc5-9d4d-24de656d63a3,2,-2.0,hub
6c243905-c9e5-42c0-b7e0-27941e3870cd,2026-02-20 00:15:15,66,bf3d2dfe-0a62-4bc5-9d4d-24de656d3902,2,3.0,bot
c48d4854-8cf6-43b4-9fb8-a787284533b9,2026-02-19 00:15:15,69,bf3d2dfe-0a62-4bc5-9d4d-24de656d8142,2,4.0,bot
d624538d-7529-40c3-a0cf-b644599553c1,2026-02-20 00:15:15,106,bf3d2dfe-0a62-4bc5-9d4d-24de656d3016,2,3.0,bot
6cd54488-cf5a-4d26-a5f9-e6e14921882b,2026-02-27 00:15:15,119,bf3d2dfe-0a62-4bc5-9d4d-24de656d9873,2,-4.0,bot
7300e0e9-6f39-4609-bc99-2c8ad0768c84,2026-02-26 00:15:15,118,bf3d2dfe-0a62-4bc5-9d4d-24de656d3144,2,-3.0,bot
37ad1f1d-3154-486b-9e28-5e95d3a6f684,2026-02-24 00:15:15,20,bf3d2dfe-0a62-4bc5-9d4d-24de656d1506,2,-1.0,bot
23ec196a-daf2-4d60-afb1-fd3964d5481f,2026-02-20 00:15:15,114,bf3d2dfe-0a62-4bc5-9d4d-24de656d1258,2,3.0,bot
236399e6-6611-4311-b18c-a0aec5b2c9f8,2026-02-22 00:15:15,57,bf3d2dfe-0a62-4bc5-9d4d-24de656d8793,2,1.0,bot
3583edb4-7501-475d-b288-51b5c3df44a0,2026-02-27 00:15:15,55,bf3d2dfe-0a62-4bc5-9d4d-24de656d6643,2,-4.0,bot
b3f21e82-da84-412a-a5d0-cec63ef53d4b,2026-02-19 00:15:15,20,bf3d2dfe-0a62-4bc5-9d4d-24de656d4006,2,4.0,bot
72c221f6-6794-4fea-99c4-0b8687e9ce8d,2026-02-24 00:14:59,764,b2a3073c-d945-4358-8f64-c3011e093003,3,-1.0,hub
ecdc7c22-9b46-4fcb-ab5e-d717fce2af81,2026-02-24 00:14:59,42,b2a3073c-d945-4358-8f64-c3011e096509,3,-1.0,bot
310a435a-a5c1-4c0f-aaff-e4954c1e1f27,2026-02-20 00:14:59,62,b2a3073c-d945-4358-8f64-c3011e093204,3,3.0,bot
e2b1bac5-255b-4790-8bcc-7f0cbea097ca,2026-02-22 00:14:59,105,b2a3073c-d945-4358-8f64-c3011e094031,3,1.0,bot
8eee9e3c-a1aa-4e31-a551-5034fc94249d,2026-02-23 00:14:59,74,b2a3073c-d945-4358-8f64-c3011e097324,3,0.0,bot
eaecb10b-6702-4aee-9b8f-26383d9e2e2b,2026-02-19 00:14:59,62,b2a3073c-d945-4358-8f64-c3011e098727,3,4.0,bot
909b21ca-b88b-4a14-b154-51754896d67e,2026-02-19 00:14:59,27,b2a3073c-d945-4358-8f64-c3011e098015,3,4.0,bot
eeb768b7-ffb6-45b5-9606-f0c184f0f084,2026-02-27 00:14:59,80,b2a3073c-d945-4358-8f64-c3011e094108,3,-4.0,bot
9073e528-ced6-4abf-b2d1-829a2d361fc5,2026-02-27 00:14:59,56,b2a3073c-d945-4358-8f64-c3011e096294,3,-4.0,bot
9a17bf53-cc98-4584-baf3-6d781c9cbcae,2026-02-18 00:14:59,32,b2a3073c-d945-4358-8f64-c3011e092107,3,5.0,bot
7e30a24b-b950-4389-b6d3-9c09e6b0a10f,2026-02-20 00:14:59,118,b2a3073c-d945-4358-8f64-c3011e094205,3,3.0,bot
17ab813d-09ca-403d-bf5f-cfbbe4dc832b,2026-02-23 00:14:38,504,97734bc4-6ea1-47db-8f78-3703847cca57,4,0.0,hub
9011afcc-971a-4d01-95d2-ed663792cd26,2026-02-18 00:14:38,81,97734bc4-6ea1-47db-8f78-3703847c8378,4,5.0,bot
f69e2c41-671e-4b9d-85e5-5575a902fa07,2026-02-18 00:14:38,32,97734bc4-6ea1-47db-8f78-3703847c7025,4,5.0,bot
e8bba4a2-c472-4ffb-adad-87fb8384de2b,2026-02-26 00:14:38,78,97734bc4-6ea1-47db-8f78-3703847c5853,4,-3.0,bot
92fbfe61-528d-4c1c-a502-1e0e9dc2cf15,2026-02-23 00:14:38,26,97734bc4-6ea1-47db-8f78-3703847c3474,4,0.0,bot
5983e684-d04f-47fa-bcb5-6381d1340443,2026-02-26 00:14:38,40,97734bc4-6ea1-47db-8f78-3703847c7401,4,-3.0,bot
e18364f0-5790-45e3-a71f-ad3a639a22fa,2026-02-24 00:14:38,54,97734bc4-6ea1-47db-8f78-3703847c2565,4,-1.0,bot
9662276a-c696-4fcb-a190-9e48a08bd41a,2026-02-23 00:14:38,117,97734bc4-6ea1-47db-8f78-3703847c8611,4,0.0,bot
c83ea5cf-7616-4656-b986-bca1b950122e,2026-02-28 00:14:38,89,97734bc4-6ea1-47db-8f78-3703847c7310,4,-5.0,bot
459a310a-c091-43bc-a6a0-0f10a1b720c6,2026-02-19 00:14:38,79,97734bc4-6ea1-47db-8f78-3703847c5486,4,4.0,bot
2d5eab11-c425-4a4e-9730-264ff7f25575,2026-02-26 00:14:38,67,97734bc4-6ea1-47db-8f78-3703847c1734,4,-3.0,bot
